-- phpMyAdmin SQL Dump
-- version 5.1.1
-- https://www.phpmyadmin.net/
--
-- Host: localhost:3306
-- Generation Time: Jul 22, 2021 at 09:01 AM
-- Server version: 5.7.33
-- PHP Version: 7.4.19

SET SQL_MODE = "NO_AUTO_VALUE_ON_ZERO";
START TRANSACTION;
SET time_zone = "+00:00";


/*!40101 SET @OLD_CHARACTER_SET_CLIENT=@@CHARACTER_SET_CLIENT */;
/*!40101 SET @OLD_CHARACTER_SET_RESULTS=@@CHARACTER_SET_RESULTS */;
/*!40101 SET @OLD_COLLATION_CONNECTION=@@COLLATION_CONNECTION */;
/*!40101 SET NAMES utf8mb4 */;

--
-- Database: `sazvaseda`
--

-- --------------------------------------------------------

--
-- Table structure for table `action_events`
--

CREATE TABLE `action_events` (
  `id` bigint(20) UNSIGNED NOT NULL,
  `batch_id` char(36) COLLATE utf8mb4_unicode_ci NOT NULL,
  `user_id` bigint(20) UNSIGNED NOT NULL,
  `name` varchar(191) COLLATE utf8mb4_unicode_ci NOT NULL,
  `actionable_type` varchar(191) COLLATE utf8mb4_unicode_ci NOT NULL,
  `actionable_id` bigint(20) UNSIGNED NOT NULL,
  `target_type` varchar(191) COLLATE utf8mb4_unicode_ci NOT NULL,
  `target_id` bigint(20) UNSIGNED NOT NULL,
  `model_type` varchar(191) COLLATE utf8mb4_unicode_ci NOT NULL,
  `model_id` bigint(20) UNSIGNED DEFAULT NULL,
  `fields` text COLLATE utf8mb4_unicode_ci NOT NULL,
  `status` varchar(25) COLLATE utf8mb4_unicode_ci NOT NULL DEFAULT 'running',
  `exception` text COLLATE utf8mb4_unicode_ci NOT NULL,
  `created_at` timestamp NULL DEFAULT NULL,
  `updated_at` timestamp NULL DEFAULT NULL,
  `original` mediumtext COLLATE utf8mb4_unicode_ci,
  `changes` mediumtext COLLATE utf8mb4_unicode_ci
) ENGINE=InnoDB DEFAULT CHARSET=utf8mb4 COLLATE=utf8mb4_unicode_ci;

-- --------------------------------------------------------

--
-- Table structure for table `admins`
--

CREATE TABLE `admins` (
  `id` bigint(20) UNSIGNED NOT NULL,
  `first_name` varchar(75) COLLATE utf8mb4_unicode_ci NOT NULL,
  `last_name` varchar(75) COLLATE utf8mb4_unicode_ci NOT NULL,
  `mobile` varchar(11) COLLATE utf8mb4_unicode_ci NOT NULL,
  `email` varchar(150) COLLATE utf8mb4_unicode_ci NOT NULL,
  `email_verified_at` timestamp NULL DEFAULT NULL,
  `password` varchar(191) COLLATE utf8mb4_unicode_ci NOT NULL,
  `remember_token` varchar(100) COLLATE utf8mb4_unicode_ci DEFAULT NULL,
  `created_at` timestamp NULL DEFAULT NULL,
  `updated_at` timestamp NULL DEFAULT NULL
) ENGINE=InnoDB DEFAULT CHARSET=utf8mb4 COLLATE=utf8mb4_unicode_ci;

--
-- Dumping data for table `admins`
--

INSERT INTO `admins` (`id`, `first_name`, `last_name`, `mobile`, `email`, `email_verified_at`, `password`, `remember_token`, `created_at`, `updated_at`) VALUES
(1, 'folan', 'folani', '09123456789', 'folan@gmail.com', NULL, '$2y$10$92IXUNpkjO0rOQ5byMi.Ye4oKoEa3Ro9llC/.og/at2.uheWG/igi', 'suREuXjBJM', NULL, NULL);

-- --------------------------------------------------------

--
-- Table structure for table `artists`
--

CREATE TABLE `artists` (
  `id` bigint(20) UNSIGNED NOT NULL,
  `user_id` bigint(20) UNSIGNED NOT NULL,
  `avatar` varchar(191) COLLATE utf8mb4_unicode_ci DEFAULT NULL,
  `status` enum('PENDING','APPROVAL','FAILED') COLLATE utf8mb4_unicode_ci NOT NULL DEFAULT 'APPROVAL',
  `experience` text COLLATE utf8mb4_unicode_ci,
  `order_description` text COLLATE utf8mb4_unicode_ci,
  `delivery_time` int(11) NOT NULL DEFAULT '0',
  `is_advisor` tinyint(1) NOT NULL DEFAULT '0',
  `advise_price` decimal(15,0) NOT NULL DEFAULT '0',
  `time` json DEFAULT NULL,
  `created_at` timestamp NULL DEFAULT NULL,
  `updated_at` timestamp NULL DEFAULT NULL
) ENGINE=InnoDB DEFAULT CHARSET=utf8mb4 COLLATE=utf8mb4_unicode_ci;

--
-- Dumping data for table `artists`
--

INSERT INTO `artists` (`id`, `user_id`, `avatar`, `status`, `experience`, `order_description`, `delivery_time`, `is_advisor`, `advise_price`, `time`, `created_at`, `updated_at`) VALUES
(1, 54, 'public/faker/person/9.jpg', 'APPROVAL', 'سوابق... البرز خیابان ملکیان ساختمان به آفرین قطعه 17', 'توضیحات پذیرش همکاری... یزد خیابان همدانی ساختمان یزدان پلاک 88 کد پستی 9675302920', 9, 1, '130000', NULL, '2021-07-22 09:00:33', '2021-07-22 09:00:33'),
(2, 4, 'public/faker/person/1.jpg', 'APPROVAL', 'سوابق... همدان خیابان فتاحی ساختمان بلکا کد پستی 5558129468', 'توضیحات پذیرش همکاری... استان آذربایجان شرقی خیابان قانونی ساختمان ایرمان کد پستی 2407401560', 4, 0, '0', NULL, '2021-07-22 09:00:33', '2021-07-22 09:00:33'),
(3, 29, 'public/faker/person/1.jpg', 'APPROVAL', 'سوابق... بوشهر خیابان مرادخانی ساختمان فرمهر', 'توضیحات پذیرش همکاری... استان مرکزی خیابان سروش ساختمان فرهنگ', 7, 1, '60000', NULL, '2021-07-22 09:00:33', '2021-07-22 09:00:33'),
(4, 55, 'public/faker/person/4.jpg', 'APPROVAL', 'سوابق... کرمان خیابان شهیدی ساختمان یاران کد پستی 5650175614', 'توضیحات پذیرش همکاری... آذربایجان شرقی خیابان امین‌زاده ساختمان نیو قطعه 90', 7, 0, '0', NULL, '2021-07-22 09:00:33', '2021-07-22 09:00:33'),
(5, 15, 'public/faker/person/2.jpg', 'APPROVAL', 'سوابق... استان بوشهر خیابان میزبانی ساختمان کام کد پستی 5296435213', 'توضیحات پذیرش همکاری... ایلام خیابان پیوندی ساختمان آذرجهر', 6, 0, '0', NULL, '2021-07-22 09:00:33', '2021-07-22 09:00:33'),
(6, 48, 'public/faker/person/4.jpg', 'APPROVAL', 'سوابق... استان سمنان خیابان مجتبایی ساختمان بابوک پلاک 72 کد پستی 4277947247', 'توضیحات پذیرش همکاری... استان آذربایجان غربی خیابان خسروپناه ساختمان گوماتا کد پستی 8637375316', 4, 1, '110000', NULL, '2021-07-22 09:00:33', '2021-07-22 09:00:33'),
(7, 22, 'public/faker/person/1.jpg', 'APPROVAL', 'سوابق... استان آذربایجان شرقی خیابان توکل ساختمان ژرفا', 'توضیحات پذیرش همکاری... خراسان رضوی خیابان خوئینی‌ها ساختمان سپندار', 5, 1, '110000', NULL, '2021-07-22 09:00:33', '2021-07-22 09:00:33'),
(8, 19, 'public/faker/person/3.jpg', 'APPROVAL', 'سوابق... استان فارس خیابان مفتح ساختمان نوین', 'توضیحات پذیرش همکاری... استان هرمزگان خیابان خوئینی ساختمان حاتفه', 7, 1, '20000', NULL, '2021-07-22 09:00:33', '2021-07-22 09:00:33'),
(9, 42, 'public/faker/person/3.jpg', 'APPROVAL', 'سوابق... کرمانشاه خیابان جهانگیری ساختمان جمیله قطعه 33 کد پستی 2423874348', 'توضیحات پذیرش همکاری... استان گیلان خیابان فنایی ساختمان فرلاس', 6, 0, '0', NULL, '2021-07-22 09:00:33', '2021-07-22 09:00:33'),
(10, 17, 'public/faker/person/1.jpg', 'APPROVAL', 'سوابق... بوشهر خیابان نوبخت ساختمان فردوس قطعه 98 کد پستی 2422647885', 'توضیحات پذیرش همکاری... استان گیلان خیابان واعظی ساختمان ایراف کد پستی 9701310108', 3, 1, '90000', NULL, '2021-07-22 09:00:33', '2021-07-22 09:00:33'),
(11, 2, 'public/faker/person/9.jpg', 'APPROVAL', 'سوابق... استان آذربایجان شرقی خیابان هامون ساختمان گیو', 'توضیحات پذیرش همکاری... کرمانشاه خیابان قهرمان ساختمان پاکسیما پلاک 99 کد پستی 6003969866', 8, 0, '0', NULL, '2021-07-22 09:00:33', '2021-07-22 09:00:33'),
(12, 3, 'public/faker/person/7.jpg', 'APPROVAL', 'سوابق... قم خیابان شیرمحمدی ساختمان سلم پلاک 16', 'توضیحات پذیرش همکاری... استان بوشهر خیابان شریعتمداری ساختمان تابش قطعه 66 کد پستی 6127203309', 4, 1, '30000', NULL, '2021-07-22 09:00:33', '2021-07-22 09:00:33'),
(13, 27, 'public/faker/person/4.jpg', 'APPROVAL', 'سوابق... استان آذربایجان شرقی خیابان مطهری ساختمان فرخنده پلاک 52 کد پستی 4509623468', 'توضیحات پذیرش همکاری... البرز خیابان دباغ ساختمان شایسته قطعه 21', 8, 0, '0', NULL, '2021-07-22 09:00:34', '2021-07-22 09:00:34'),
(14, 56, 'public/faker/person/8.jpg', 'APPROVAL', 'سوابق... استان لرستان خیابان علیا ساختمان چکاد پلاک 38', 'توضیحات پذیرش همکاری... کهگیلویه و بویراحمد خیابان تبریزی ساختمان نازآفرین کد پستی 1730282333', 7, 0, '0', NULL, '2021-07-22 09:00:34', '2021-07-22 09:00:34'),
(15, 28, 'public/faker/person/9.jpg', 'APPROVAL', 'سوابق... اصفهان خیابان همایون ساختمان طوس', 'توضیحات پذیرش همکاری... چهارمحال و بختیاری خیابان مرادخانی ساختمان ندا قطعه 94 کد پستی 3819609094', 4, 0, '0', NULL, '2021-07-22 09:00:34', '2021-07-22 09:00:34'),
(16, 16, 'public/faker/person/9.jpg', 'APPROVAL', 'سوابق... خوزستان خیابان بحرینی ساختمان مهردخت کد پستی 7638154738', 'توضیحات پذیرش همکاری... کرمانشاه خیابان ستاری ساختمان آفری قطعه 31 کد پستی 6571775080', 6, 0, '0', NULL, '2021-07-22 09:00:34', '2021-07-22 09:00:34'),
(17, 21, 'public/faker/person/6.jpg', 'APPROVAL', 'سوابق... استان همدان خیابان جهانگیری ساختمان حمید پلاک 31', 'توضیحات پذیرش همکاری... همدان خیابان ذاکری ساختمان پسند قطعه 34', 3, 1, '70000', NULL, '2021-07-22 09:00:34', '2021-07-22 09:00:34'),
(18, 36, 'public/faker/person/7.jpg', 'APPROVAL', 'سوابق... استان اردبیل خیابان کیان ساختمان روشاک قطعه 31 کد پستی 1948823907', 'توضیحات پذیرش همکاری... لرستان خیابان ابوذر ساختمان آبان قطعه 57', 6, 1, '100000', NULL, '2021-07-22 09:00:34', '2021-07-22 09:00:34'),
(19, 58, 'public/faker/person/7.jpg', 'APPROVAL', 'سوابق... تهران خیابان موحد ساختمان جهان کد پستی 3336500422', 'توضیحات پذیرش همکاری... خراسان جنوبی خیابان میرزاده ساختمان سمنه پلاک 46', 9, 1, '140000', NULL, '2021-07-22 09:00:34', '2021-07-22 09:00:34'),
(20, 34, 'public/faker/person/2.jpg', 'APPROVAL', 'سوابق... زنجان خیابان مجتبایی ساختمان رسام', 'توضیحات پذیرش همکاری... استان فارس خیابان دستغیب ساختمان مونا', 8, 0, '0', NULL, '2021-07-22 09:00:34', '2021-07-22 09:00:34'),
(21, 32, 'public/faker/person/9.jpg', 'APPROVAL', 'سوابق... استان بوشهر خیابان یاحقی ساختمان کورنگ قطعه 97 کد پستی 8905747170', 'توضیحات پذیرش همکاری... کرمانشاه خیابان آشنا ساختمان نادی', 3, 0, '0', NULL, '2021-07-22 09:00:34', '2021-07-22 09:00:34'),
(22, 47, 'public/faker/person/6.jpg', 'APPROVAL', 'سوابق... قزوین خیابان میزبانی ساختمان هشام', 'توضیحات پذیرش همکاری... قزوین خیابان جهانگیری ساختمان بامی پلاک 37 کد پستی 6590778342', 10, 0, '0', NULL, '2021-07-22 09:00:34', '2021-07-22 09:00:34'),
(23, 9, 'public/faker/person/8.jpg', 'APPROVAL', 'سوابق... سمنان خیابان فرمانفرمائیان ساختمان سهند پلاک 50 کد پستی 3783944463', 'توضیحات پذیرش همکاری... اردبیل خیابان پایا ساختمان نزهت پلاک 31', 9, 0, '0', NULL, '2021-07-22 09:00:34', '2021-07-22 09:00:34'),
(24, 25, 'public/faker/person/7.jpg', 'APPROVAL', 'سوابق... قزوین خیابان هروی ساختمان آفرین کد پستی 7704586981', 'توضیحات پذیرش همکاری... آذربایجان غربی خیابان سرشار ساختمان دانا', 7, 0, '0', NULL, '2021-07-22 09:00:34', '2021-07-22 09:00:34'),
(25, 8, 'public/faker/person/3.jpg', 'APPROVAL', 'سوابق... استان ایلام خیابان کیان ساختمان مهجبین پلاک 53', 'توضیحات پذیرش همکاری... یزد خیابان فتاحی ساختمان رضوان پلاک 49 کد پستی 3892732691', 6, 0, '0', NULL, '2021-07-22 09:00:34', '2021-07-22 09:00:34'),
(26, 37, 'public/faker/person/9.jpg', 'APPROVAL', 'سوابق... قم خیابان دباغ ساختمان رقیّه قطعه 36', 'توضیحات پذیرش همکاری... استان فارس خیابان سپه‌وند ساختمان بهرخ کد پستی 3691725793', 5, 0, '0', NULL, '2021-07-22 09:00:34', '2021-07-22 09:00:34'),
(27, 51, 'public/faker/person/3.jpg', 'APPROVAL', 'سوابق... استان لرستان خیابان مرتضوی ساختمان پارمین قطعه 84 کد پستی 3699754568', 'توضیحات پذیرش همکاری... مازندران خیابان استادی ساختمان نیرَم پلاک 95 کد پستی 6752223986', 7, 0, '0', NULL, '2021-07-22 09:00:34', '2021-07-22 09:00:34'),
(28, 49, 'public/faker/person/4.jpg', 'APPROVAL', 'سوابق... تهران خیابان گلپایگانی ساختمان یاشار پلاک 44', 'توضیحات پذیرش همکاری... استان خراسان شمالی خیابان آریان‌پور ساختمان نوشینه کد پستی 0186998867', 3, 1, '110000', NULL, '2021-07-22 09:00:34', '2021-07-22 09:00:34'),
(29, 14, 'public/faker/person/6.jpg', 'APPROVAL', 'سوابق... هرمزگان خیابان فولادوند ساختمان اُرند قطعه 52 کد پستی 1597458878', 'توضیحات پذیرش همکاری... استان قزوین خیابان واعظ ساختمان برخیا کد پستی 5623503901', 9, 1, '70000', NULL, '2021-07-22 09:00:34', '2021-07-22 09:00:34'),
(30, 52, 'public/faker/person/9.jpg', 'APPROVAL', 'سوابق... استان بوشهر خیابان سحاب ساختمان سینام کد پستی 5663780959', 'توضیحات پذیرش همکاری... استان فارس خیابان قهرمانیان ساختمان حدیث', 8, 0, '0', NULL, '2021-07-22 09:00:34', '2021-07-22 09:00:34'),
(31, 26, 'public/faker/person/8.jpg', 'APPROVAL', 'سوابق... استان زنجان خیابان مصباح ساختمان بهتن کد پستی 3640799481', 'توضیحات پذیرش همکاری... گیلان خیابان آریان‌پور ساختمان صلاح الدین', 4, 1, '50000', NULL, '2021-07-22 09:00:34', '2021-07-22 09:00:34'),
(32, 7, 'public/faker/person/2.jpg', 'APPROVAL', 'سوابق... استان ایلام خیابان لاجوردی ساختمان باورد کد پستی 8907439705', 'توضیحات پذیرش همکاری... استان خراسان جنوبی خیابان حجتی ساختمان گل افشار پلاک 61 کد پستی 1266378278', 8, 0, '0', NULL, '2021-07-22 09:00:34', '2021-07-22 09:00:34'),
(33, 13, 'public/faker/person/7.jpg', 'APPROVAL', 'سوابق... استان قزوین خیابان هامون ساختمان نازک پلاک 25', 'توضیحات پذیرش همکاری... استان بوشهر خیابان دباغ ساختمان ملکه جهان پلاک 91 کد پستی 3969190165', 5, 1, '50000', NULL, '2021-07-22 09:00:34', '2021-07-22 09:00:34'),
(34, 39, 'public/faker/person/5.jpg', 'APPROVAL', 'سوابق... زنجان خیابان بیگی ساختمان جویان', 'توضیحات پذیرش همکاری... یزد خیابان پارسا ساختمان پرشاد پلاک 53 کد پستی 8092609198', 4, 0, '0', NULL, '2021-07-22 09:00:34', '2021-07-22 09:00:34'),
(35, 40, 'public/faker/person/5.jpg', 'APPROVAL', 'سوابق... کرمان خیابان صغیری ساختمان هیرمند پلاک 19 کد پستی 3288087532', 'توضیحات پذیرش همکاری... خراسان جنوبی خیابان روزبه ساختمان شهراد پلاک 72', 9, 1, '150000', NULL, '2021-07-22 09:00:34', '2021-07-22 09:00:34'),
(36, 35, 'public/faker/person/6.jpg', 'APPROVAL', 'سوابق... گلستان خیابان حبیبی ساختمان نیوراد', 'توضیحات پذیرش همکاری... استان سمنان خیابان اللهیاری ساختمان فرهاد کد پستی 9352230129', 6, 1, '80000', NULL, '2021-07-22 09:00:34', '2021-07-22 09:00:34'),
(37, 53, 'public/faker/person/5.jpg', 'APPROVAL', 'سوابق... چهارمحال و بختیاری خیابان حبیبی ساختمان ملکه جهان پلاک 70 کد پستی 2885601776', 'توضیحات پذیرش همکاری... خراسان رضوی خیابان موسویان ساختمان پرور پلاک 46 کد پستی 8243930074', 3, 0, '0', NULL, '2021-07-22 09:00:34', '2021-07-22 09:00:34'),
(38, 38, 'public/faker/person/5.jpg', 'APPROVAL', 'سوابق... استان کرمانشاه خیابان اشراقی ساختمان پرنا', 'توضیحات پذیرش همکاری... قم خیابان بختیاری ساختمان سعید قطعه 30', 8, 1, '60000', NULL, '2021-07-22 09:00:34', '2021-07-22 09:00:34'),
(39, 43, 'public/faker/person/2.jpg', 'APPROVAL', 'سوابق... قم خیابان صانعی ساختمان سالار کد پستی 9530735857', 'توضیحات پذیرش همکاری... گیلان خیابان یاحقی ساختمان اشرف پلاک 87', 8, 0, '0', NULL, '2021-07-22 09:00:34', '2021-07-22 09:00:34'),
(40, 23, 'public/faker/person/3.jpg', 'APPROVAL', 'سوابق... استان تهران خیابان پورنگ ساختمان نوبر پلاک 83 کد پستی 1373741642', 'توضیحات پذیرش همکاری... خراسان شمالی خیابان فروتن ساختمان جویان کد پستی 3309067433', 3, 1, '130000', NULL, '2021-07-22 09:00:34', '2021-07-22 09:00:34');

-- --------------------------------------------------------

--
-- Table structure for table `artist_package`
--

CREATE TABLE `artist_package` (
  `id` bigint(20) UNSIGNED NOT NULL,
  `artist_id` bigint(20) UNSIGNED NOT NULL,
  `package_id` bigint(20) UNSIGNED NOT NULL,
  `title_id` bigint(20) UNSIGNED NOT NULL,
  `accept` tinyint(1) NOT NULL DEFAULT '1',
  `created_at` timestamp NULL DEFAULT NULL,
  `updated_at` timestamp NULL DEFAULT NULL
) ENGINE=InnoDB DEFAULT CHARSET=utf8mb4 COLLATE=utf8mb4_unicode_ci;

--
-- Dumping data for table `artist_package`
--

INSERT INTO `artist_package` (`id`, `artist_id`, `package_id`, `title_id`, `accept`, `created_at`, `updated_at`) VALUES
(1, 7, 2, 19, 1, NULL, NULL),
(2, 10, 12, 14, 1, NULL, NULL),
(3, 10, 3, 17, 1, NULL, NULL),
(4, 17, 5, 20, 1, NULL, NULL),
(5, 20, 19, 8, 1, NULL, NULL),
(6, 32, 10, 8, 1, NULL, NULL),
(7, 37, 4, 10, 1, NULL, NULL),
(8, 17, 17, 17, 1, NULL, NULL),
(9, 29, 9, 14, 1, NULL, NULL),
(10, 16, 6, 11, 1, NULL, NULL),
(11, 25, 8, 19, 1, NULL, NULL),
(12, 16, 20, 3, 1, NULL, NULL),
(13, 17, 17, 7, 1, NULL, NULL),
(14, 23, 20, 14, 1, NULL, NULL),
(15, 31, 20, 13, 1, NULL, NULL),
(16, 30, 18, 7, 1, NULL, NULL),
(17, 20, 1, 10, 1, NULL, NULL),
(18, 29, 16, 16, 1, NULL, NULL),
(19, 7, 8, 13, 1, NULL, NULL),
(20, 14, 14, 11, 1, NULL, NULL),
(21, 36, 1, 17, 1, NULL, NULL),
(22, 24, 1, 18, 1, NULL, NULL),
(23, 1, 6, 12, 1, NULL, NULL),
(24, 31, 4, 10, 1, NULL, NULL),
(25, 26, 19, 4, 1, NULL, NULL),
(26, 27, 3, 16, 1, NULL, NULL),
(27, 39, 4, 9, 1, NULL, NULL),
(28, 25, 12, 12, 1, NULL, NULL),
(29, 30, 18, 20, 1, NULL, NULL),
(30, 1, 18, 19, 1, NULL, NULL),
(31, 36, 12, 15, 1, NULL, NULL),
(32, 39, 13, 4, 1, NULL, NULL),
(33, 1, 5, 20, 1, NULL, NULL),
(34, 10, 11, 11, 1, NULL, NULL),
(35, 20, 15, 4, 1, NULL, NULL),
(36, 7, 18, 13, 1, NULL, NULL),
(37, 22, 17, 18, 1, NULL, NULL),
(38, 21, 14, 4, 1, NULL, NULL),
(39, 10, 2, 20, 1, NULL, NULL),
(40, 36, 3, 2, 1, NULL, NULL);

-- --------------------------------------------------------

--
-- Table structure for table `carts`
--

CREATE TABLE `carts` (
  `id` bigint(20) UNSIGNED NOT NULL,
  `user_id` bigint(20) UNSIGNED NOT NULL,
  `is_pay` tinyint(1) NOT NULL DEFAULT '0',
  `final_cost` int(11) NOT NULL DEFAULT '0',
  `details` json NOT NULL,
  `transaction_id` bigint(20) UNSIGNED DEFAULT NULL,
  `created_at` timestamp NULL DEFAULT NULL,
  `updated_at` timestamp NULL DEFAULT NULL
) ENGINE=InnoDB DEFAULT CHARSET=utf8mb4 COLLATE=utf8mb4_unicode_ci;

--
-- Dumping data for table `carts`
--

INSERT INTO `carts` (`id`, `user_id`, `is_pay`, `final_cost`, `details`, `transaction_id`, `created_at`, `updated_at`) VALUES
(1, 1, 0, 0, '[]', NULL, '2021-07-22 08:59:23', '2021-07-22 08:59:23');

-- --------------------------------------------------------

--
-- Table structure for table `cities`
--

CREATE TABLE `cities` (
  `id` smallint(5) UNSIGNED NOT NULL,
  `name` varchar(50) COLLATE utf8mb4_unicode_ci NOT NULL,
  `province_id` smallint(5) UNSIGNED NOT NULL,
  `county_id` smallint(5) UNSIGNED NOT NULL,
  `created_at` timestamp NULL DEFAULT NULL,
  `updated_at` timestamp NULL DEFAULT NULL
) ENGINE=InnoDB DEFAULT CHARSET=utf8mb4 COLLATE=utf8mb4_unicode_ci;

--
-- Dumping data for table `cities`
--

INSERT INTO `cities` (`id`, `name`, `province_id`, `county_id`, `created_at`, `updated_at`) VALUES
(1, 'آذرشهر', 1, 1, NULL, NULL),
(2, 'تیمورلو', 1, 1, NULL, NULL),
(3, 'گوگان', 1, 1, NULL, NULL),
(4, 'ممقان', 1, 1, NULL, NULL),
(5, 'اسکو', 1, 2, NULL, NULL),
(6, 'ایلخچی', 1, 2, NULL, NULL),
(7, 'سهند', 1, 2, NULL, NULL),
(8, 'اهر', 1, 3, NULL, NULL),
(9, 'هوراند', 1, 3, NULL, NULL),
(10, 'بستان آباد', 1, 4, NULL, NULL),
(11, 'تیکمه داش', 1, 4, NULL, NULL),
(12, 'بناب', 1, 5, NULL, NULL),
(13, 'باسمنج', 1, 6, NULL, NULL),
(14, 'تبریز', 1, 6, NULL, NULL),
(15, 'خسروشاه', 1, 6, NULL, NULL),
(16, 'سردرود', 1, 6, NULL, NULL),
(17, 'جلفا', 1, 7, NULL, NULL),
(18, 'سیه رود', 1, 7, NULL, NULL),
(19, 'هادیشهر', 1, 7, NULL, NULL),
(20, 'قره آغاج', 1, 8, NULL, NULL),
(21, 'خمارلو', 1, 9, NULL, NULL),
(22, 'دوزدوزان', 1, 10, NULL, NULL),
(23, 'سراب', 1, 10, NULL, NULL),
(24, 'شربیان', 1, 10, NULL, NULL),
(25, 'مهربان', 1, 10, NULL, NULL),
(26, 'تسوج', 1, 11, NULL, NULL),
(27, 'خامنه', 1, 11, NULL, NULL),
(28, 'سیس', 1, 11, NULL, NULL),
(29, 'شبستر', 1, 11, NULL, NULL),
(30, 'شرفخانه', 1, 11, NULL, NULL),
(31, 'شندآباد', 1, 11, NULL, NULL),
(32, 'صوفیان', 1, 11, NULL, NULL),
(33, 'کوزه کنان', 1, 11, NULL, NULL),
(34, 'وایقان', 1, 11, NULL, NULL),
(35, 'جوان قلعه', 1, 12, NULL, NULL),
(36, 'عجب شیر', 1, 12, NULL, NULL),
(37, 'آبش احمد', 1, 13, NULL, NULL),
(38, 'کلیبر', 1, 13, NULL, NULL),
(39, '(خداجو(خراجو', 1, 14, NULL, NULL),
(40, 'مراغه', 1, 14, NULL, NULL),
(41, 'بناب مرند', 1, 15, NULL, NULL),
(42, 'زنوز', 1, 15, NULL, NULL),
(43, 'کشکسرای', 1, 15, NULL, NULL),
(44, 'مرند', 1, 15, NULL, NULL),
(45, 'یامچی', 1, 15, NULL, NULL),
(46, 'لیلان', 1, 16, NULL, NULL),
(47, 'مبارک شهر', 1, 16, NULL, NULL),
(48, 'ملکان', 1, 16, NULL, NULL),
(49, 'آقکند', 1, 17, NULL, NULL),
(50, 'اچاچی', 1, 17, NULL, NULL),
(51, 'ترک', 1, 17, NULL, NULL),
(52, 'ترکمانچای', 1, 17, NULL, NULL),
(53, 'میانه', 1, 17, NULL, NULL),
(54, 'خاروانا', 1, 18, NULL, NULL),
(55, 'ورزقان', 1, 18, NULL, NULL),
(56, 'بخشایش', 1, 19, NULL, NULL),
(57, 'خواجه', 1, 19, NULL, NULL),
(58, 'زرنق', 1, 19, NULL, NULL),
(59, 'کلوانق', 1, 19, NULL, NULL),
(60, 'هریس', 1, 19, NULL, NULL),
(61, 'نظرکهریزی', 1, 20, NULL, NULL),
(62, 'هشترود', 1, 20, NULL, NULL),
(63, 'ارومیه', 2, 21, NULL, NULL),
(64, 'سرو', 2, 21, NULL, NULL),
(65, 'سیلوانه', 2, 21, NULL, NULL),
(66, 'قوشچی', 2, 21, NULL, NULL),
(67, 'نوشین', 2, 21, NULL, NULL),
(68, 'اشنویه', 2, 22, NULL, NULL),
(69, 'نالوس', 2, 22, NULL, NULL),
(70, 'بوکان', 2, 23, NULL, NULL),
(71, 'سیمینه', 2, 23, NULL, NULL),
(72, 'پلدشت', 2, 24, NULL, NULL),
(73, 'نازک علیا', 2, 24, NULL, NULL),
(74, 'پیرانشهر', 2, 25, NULL, NULL),
(75, 'گردکشانه', 2, 25, NULL, NULL),
(76, 'تکاب', 2, 26, NULL, NULL),
(77, 'آواجیق', 2, 27, NULL, NULL),
(78, 'سیه چشمه', 2, 27, NULL, NULL),
(79, 'قره ضیاءالدین', 2, 28, NULL, NULL),
(80, 'ایواوغلی', 2, 29, NULL, NULL),
(81, 'خوی', 2, 29, NULL, NULL),
(82, 'دیزج دیز', 2, 29, NULL, NULL),
(83, 'زرآباد', 2, 29, NULL, NULL),
(84, 'فیرورق', 2, 29, NULL, NULL),
(85, 'قطور', 2, 29, NULL, NULL),
(86, 'ربط', 2, 30, NULL, NULL),
(87, 'سردشت', 2, 30, NULL, NULL),
(88, 'میرآباد', 2, 30, NULL, NULL),
(89, 'تازه شهر', 2, 31, NULL, NULL),
(90, 'سلماس', 2, 31, NULL, NULL),
(91, 'شاهین دژ', 2, 32, NULL, NULL),
(92, 'کشاورز', 2, 32, NULL, NULL),
(93, 'محمودآباد', 2, 32, NULL, NULL),
(94, 'شوط', 2, 33, NULL, NULL),
(95, 'مرگنلر', 2, 33, NULL, NULL),
(96, 'بازرگان', 2, 34, NULL, NULL),
(97, 'ماکو', 2, 34, NULL, NULL),
(98, 'خلیفان', 2, 35, NULL, NULL),
(99, 'مهاباد', 2, 35, NULL, NULL),
(100, 'باروق', 2, 36, NULL, NULL),
(101, 'چهاربرج', 2, 36, NULL, NULL),
(102, 'میاندوآب', 2, 36, NULL, NULL),
(103, 'محمدیار', 2, 37, NULL, NULL),
(104, 'نقده', 2, 37, NULL, NULL),
(105, 'اردبیل', 3, 38, NULL, NULL),
(106, 'هیر', 3, 38, NULL, NULL),
(107, 'بیله سوار', 3, 39, NULL, NULL),
(108, 'جعفرآباد', 3, 39, NULL, NULL),
(109, 'اسلام اباد', 3, 40, NULL, NULL),
(110, 'اصلاندوز', 3, 40, NULL, NULL),
(111, 'پارس آباد', 3, 40, NULL, NULL),
(112, 'تازه کند', 3, 40, NULL, NULL),
(113, 'خلخال', 3, 41, NULL, NULL),
(114, 'کلور', 3, 41, NULL, NULL),
(115, 'هشتجین', 3, 41, NULL, NULL),
(116, 'سرعین', 3, 42, NULL, NULL),
(117, 'گیوی', 3, 43, NULL, NULL),
(118, 'تازه کندانگوت', 3, 44, NULL, NULL),
(119, 'گرمی', 3, 44, NULL, NULL),
(120, 'رضی', 3, 45, NULL, NULL),
(121, 'فخراباد', 3, 45, NULL, NULL),
(122, 'قصابه', 3, 45, NULL, NULL),
(123, 'لاهرود', 3, 45, NULL, NULL),
(124, 'مرادلو', 3, 45, NULL, NULL),
(125, 'مشگین شهر', 3, 45, NULL, NULL),
(126, 'آبی بیگلو', 3, 46, NULL, NULL),
(127, 'عنبران', 3, 46, NULL, NULL),
(128, 'نمین', 3, 46, NULL, NULL),
(129, 'کوراییم', 3, 47, NULL, NULL),
(130, 'نیر', 3, 47, NULL, NULL),
(131, 'آران وبیدگل', 4, 48, NULL, NULL),
(132, 'ابوزیدآباد', 4, 48, NULL, NULL),
(133, 'سفیدشهر', 4, 48, NULL, NULL),
(134, 'نوش آباد', 4, 48, NULL, NULL),
(135, 'اردستان', 4, 49, NULL, NULL),
(136, 'زواره', 4, 49, NULL, NULL),
(137, 'مهاباد', 4, 49, NULL, NULL),
(138, 'اژیه', 4, 50, NULL, NULL),
(139, 'اصفهان', 4, 50, NULL, NULL),
(140, 'بهارستان', 4, 50, NULL, NULL),
(141, 'تودشک', 4, 50, NULL, NULL),
(142, 'حسن اباد', 4, 50, NULL, NULL),
(143, 'زیار', 4, 50, NULL, NULL),
(144, 'سجزی', 4, 50, NULL, NULL),
(145, 'قهجاورستان', 4, 50, NULL, NULL),
(146, 'کوهپایه', 4, 50, NULL, NULL),
(147, 'محمدآباد', 4, 50, NULL, NULL),
(148, 'نصرآباد', 4, 50, NULL, NULL),
(149, 'نیک آباد', 4, 50, NULL, NULL),
(150, 'ورزنه', 4, 50, NULL, NULL),
(151, 'هرند', 4, 50, NULL, NULL),
(152, 'حبیب آباد', 4, 51, NULL, NULL),
(153, 'خورزوق', 4, 51, NULL, NULL),
(154, 'دستگرد', 4, 51, NULL, NULL),
(155, 'دولت آباد', 4, 51, NULL, NULL),
(156, 'سین', 4, 51, NULL, NULL),
(157, 'شاپورآباد', 4, 51, NULL, NULL),
(158, 'کمشچه', 4, 51, NULL, NULL),
(159, 'افوس', 4, 52, NULL, NULL),
(160, 'بویین ومیاندشت', 4, 52, NULL, NULL),
(161, 'تیران', 4, 53, NULL, NULL),
(162, 'رضوانشهر', 4, 53, NULL, NULL),
(163, 'عسگران', 4, 53, NULL, NULL),
(164, 'چادگان', 4, 54, NULL, NULL),
(165, 'رزوه', 4, 54, NULL, NULL),
(166, 'اصغرآباد', 4, 55, NULL, NULL),
(167, 'خمینی شهر', 4, 55, NULL, NULL),
(168, 'درچه', 4, 55, NULL, NULL),
(169, 'کوشک', 4, 55, NULL, NULL),
(170, 'خوانسار', 4, 56, NULL, NULL),
(171, 'جندق', 4, 57, NULL, NULL),
(172, 'خور', 4, 57, NULL, NULL),
(173, 'فرخی', 4, 57, NULL, NULL),
(174, 'دهاقان', 4, 58, NULL, NULL),
(175, 'گلشن', 4, 58, NULL, NULL),
(176, 'حنا', 4, 59, NULL, NULL),
(177, 'سمیرم', 4, 59, NULL, NULL),
(178, 'کمه', 4, 59, NULL, NULL),
(179, 'ونک', 4, 59, NULL, NULL),
(180, 'شاهین شهر', 4, 60, NULL, NULL),
(181, 'گرگاب', 4, 60, NULL, NULL),
(182, 'گزبرخوار', 4, 60, NULL, NULL),
(183, 'لای بید', 4, 60, NULL, NULL),
(184, 'میمه', 4, 60, NULL, NULL),
(185, 'وزوان', 4, 60, NULL, NULL),
(186, 'شهرضا', 4, 61, NULL, NULL),
(187, 'منظریه', 4, 61, NULL, NULL),
(188, 'داران', 4, 62, NULL, NULL),
(189, 'دامنه', 4, 62, NULL, NULL),
(190, 'برف انبار', 4, 63, NULL, NULL),
(191, 'فریدونشهر', 4, 63, NULL, NULL),
(192, 'ابریشم', 4, 64, NULL, NULL),
(193, 'ایمانشهر', 4, 64, NULL, NULL),
(194, 'بهاران شهر', 4, 64, NULL, NULL),
(195, 'پیربکران', 4, 64, NULL, NULL),
(196, 'زازران', 4, 64, NULL, NULL),
(197, 'فلاورجان', 4, 64, NULL, NULL),
(198, 'قهدریجان', 4, 64, NULL, NULL),
(199, 'کلیشادوسودرجان', 4, 64, NULL, NULL),
(200, 'برزک', 4, 65, NULL, NULL),
(201, 'جوشقان قالی', 4, 65, NULL, NULL),
(202, 'قمصر', 4, 65, NULL, NULL),
(203, 'کاشان', 4, 65, NULL, NULL),
(204, 'کامو و چوگان', 4, 65, NULL, NULL),
(205, 'مشکات', 4, 65, NULL, NULL),
(206, 'نیاسر', 4, 65, NULL, NULL),
(207, 'گلپایگان', 4, 66, NULL, NULL),
(208, 'گلشهر', 4, 66, NULL, NULL),
(209, 'گوگد', 4, 66, NULL, NULL),
(210, 'باغ بهادران', 4, 67, NULL, NULL),
(211, 'باغشاد', 4, 67, NULL, NULL),
(212, 'چرمهین', 4, 67, NULL, NULL),
(213, 'چمگردان', 4, 67, NULL, NULL),
(214, 'زاینده رود', 4, 67, NULL, NULL),
(215, 'زرین شهر', 4, 67, NULL, NULL),
(216, 'سده لنجان', 4, 67, NULL, NULL),
(217, 'فولادشهر', 4, 67, NULL, NULL),
(218, 'ورنامخواست', 4, 67, NULL, NULL),
(219, 'دیزیچه', 4, 68, NULL, NULL),
(220, 'زیباشهر', 4, 68, NULL, NULL),
(221, 'طالخونچه', 4, 68, NULL, NULL),
(222, 'کرکوند', 4, 68, NULL, NULL),
(223, 'مبارکه', 4, 68, NULL, NULL),
(224, 'مجلسی', 4, 68, NULL, NULL),
(225, 'انارک', 4, 69, NULL, NULL),
(226, 'بافران', 4, 69, NULL, NULL),
(227, 'نایین', 4, 69, NULL, NULL),
(228, 'جوزدان', 4, 70, NULL, NULL),
(229, 'دهق', 4, 70, NULL, NULL),
(230, 'علویجه', 4, 70, NULL, NULL),
(231, 'کهریزسنگ', 4, 70, NULL, NULL),
(232, 'گلدشت', 4, 70, NULL, NULL),
(233, 'نجف آباد', 4, 70, NULL, NULL),
(234, 'بادرود', 4, 71, NULL, NULL),
(235, 'خالدآباد', 4, 71, NULL, NULL),
(236, 'طرق رود', 4, 71, NULL, NULL),
(237, 'نطنز', 4, 71, NULL, NULL),
(238, 'اشتهارد', 5, 72, NULL, NULL),
(239, 'چهارباغ', 5, 73, NULL, NULL),
(240, 'شهرجدیدهشتگرد', 5, 73, NULL, NULL),
(241, 'کوهسار', 5, 73, NULL, NULL),
(242, 'گلسار', 5, 73, NULL, NULL),
(243, 'هشتگرد', 5, 73, NULL, NULL),
(244, 'طالقان', 5, 74, NULL, NULL),
(245, 'فردیس', 5, 75, NULL, NULL),
(246, 'مشکین دشت', 5, 75, NULL, NULL),
(247, 'آسارا', 5, 76, NULL, NULL),
(248, 'کرج', 5, 76, NULL, NULL),
(249, 'کمال شهر', 5, 76, NULL, NULL),
(250, 'گرمدره', 5, 76, NULL, NULL),
(251, 'ماهدشت', 5, 76, NULL, NULL),
(252, 'محمدشهر', 5, 76, NULL, NULL),
(253, 'تنکمان', 5, 77, NULL, NULL),
(254, 'نظرآباد', 5, 77, NULL, NULL),
(255, 'آبدانان', 6, 78, NULL, NULL),
(256, 'سراب باغ', 6, 78, NULL, NULL),
(257, 'مورموری', 6, 78, NULL, NULL),
(258, 'ایلام', 6, 79, NULL, NULL),
(259, 'چوار', 6, 79, NULL, NULL),
(260, 'ایوان', 6, 80, NULL, NULL),
(261, 'زرنه', 6, 80, NULL, NULL),
(262, 'بدره', 6, 81, NULL, NULL),
(263, 'آسمان آباد', 6, 82, NULL, NULL),
(264, 'بلاوه', 6, 82, NULL, NULL),
(265, 'توحید', 6, 82, NULL, NULL),
(266, 'سرابله', 6, 82, NULL, NULL),
(267, 'شباب', 6, 82, NULL, NULL),
(268, 'دره شهر', 6, 83, NULL, NULL),
(269, 'ماژین', 6, 83, NULL, NULL),
(270, 'پهله', 6, 84, NULL, NULL),
(271, 'دهلران', 6, 84, NULL, NULL),
(272, 'موسیان', 6, 84, NULL, NULL),
(273, 'میمه', 6, 84, NULL, NULL),
(274, 'لومار', 6, 85, NULL, NULL),
(275, 'ارکواز', 6, 86, NULL, NULL),
(276, 'دلگشا', 6, 86, NULL, NULL),
(277, 'مهر', 6, 86, NULL, NULL),
(278, 'صالح آباد', 6, 87, NULL, NULL),
(279, 'مهران', 6, 87, NULL, NULL),
(280, 'بوشهر', 7, 88, NULL, NULL),
(281, 'چغادک', 7, 88, NULL, NULL),
(282, 'خارک', 7, 88, NULL, NULL),
(283, 'عالی شهر', 7, 88, NULL, NULL),
(284, 'آباد', 7, 89, NULL, NULL),
(285, 'اهرم', 7, 89, NULL, NULL),
(286, 'دلوار', 7, 89, NULL, NULL),
(287, 'انارستان', 7, 90, NULL, NULL),
(288, 'جم', 7, 90, NULL, NULL),
(289, 'ریز', 7, 90, NULL, NULL),
(290, 'آب پخش', 7, 91, NULL, NULL),
(291, 'برازجان', 7, 91, NULL, NULL),
(292, 'بوشکان', 7, 91, NULL, NULL),
(293, 'تنگ ارم', 7, 91, NULL, NULL),
(294, 'دالکی', 7, 91, NULL, NULL),
(295, 'سعد آباد', 7, 91, NULL, NULL),
(296, 'شبانکاره', 7, 91, NULL, NULL),
(297, 'کلمه', 7, 91, NULL, NULL),
(298, 'وحدتیه', 7, 91, NULL, NULL),
(299, 'بادوله', 7, 92, NULL, NULL),
(300, 'خورموج', 7, 92, NULL, NULL),
(301, 'شنبه', 7, 92, NULL, NULL),
(302, 'کاکی', 7, 92, NULL, NULL),
(303, 'آبدان', 7, 93, NULL, NULL),
(304, 'بردخون', 7, 93, NULL, NULL),
(305, 'بردستان', 7, 93, NULL, NULL),
(306, 'بندردیر', 7, 93, NULL, NULL),
(307, 'دوراهک', 7, 93, NULL, NULL),
(308, 'امام حسن', 7, 94, NULL, NULL),
(309, 'بندردیلم', 7, 94, NULL, NULL),
(310, 'عسلویه', 7, 95, NULL, NULL),
(311, 'نخل تقی', 7, 95, NULL, NULL),
(312, 'بندرکنگان', 7, 96, NULL, NULL),
(313, 'بنک', 7, 96, NULL, NULL),
(314, 'سیراف', 7, 96, NULL, NULL),
(315, 'بندرریگ', 7, 97, NULL, NULL),
(316, 'بندرگناوه', 7, 97, NULL, NULL),
(317, 'احمد آباد مستوفی', 8, 98, NULL, NULL),
(318, 'اسلامشهر', 8, 98, NULL, NULL),
(319, 'چهاردانگه', 8, 98, NULL, NULL),
(320, 'صالحیه', 8, 99, NULL, NULL),
(321, 'گلستان', 8, 99, NULL, NULL),
(322, 'نسیم شهر', 8, 99, NULL, NULL),
(323, 'پاکدشت', 8, 100, NULL, NULL),
(324, 'شریف آباد', 8, 100, NULL, NULL),
(325, 'فرون اباد', 8, 100, NULL, NULL),
(326, 'بومهن', 8, 101, NULL, NULL),
(327, 'پردیس', 8, 101, NULL, NULL),
(328, 'پیشوا', 8, 102, NULL, NULL),
(329, 'تهران', 8, 103, NULL, NULL),
(330, 'آبسرد', 8, 104, NULL, NULL),
(331, 'آبعلی', 8, 104, NULL, NULL),
(332, 'دماوند', 8, 104, NULL, NULL),
(333, 'رودهن', 8, 104, NULL, NULL),
(334, 'کیلان', 8, 104, NULL, NULL),
(335, 'پرند', 8, 105, NULL, NULL),
(336, 'رباطکریم', 8, 105, NULL, NULL),
(337, 'نصیرشهر', 8, 105, NULL, NULL),
(338, 'باقرشهر', 8, 106, NULL, NULL),
(339, 'حسن آباد', 8, 106, NULL, NULL),
(340, 'ری', 8, 106, NULL, NULL),
(341, 'کهریزک', 8, 106, NULL, NULL),
(342, 'تجریش', 8, 107, NULL, NULL),
(343, 'شمشک', 8, 107, NULL, NULL),
(344, 'فشم', 8, 107, NULL, NULL),
(345, 'لواسان', 8, 107, NULL, NULL),
(346, 'اندیشه', 8, 108, NULL, NULL),
(347, 'باغستان', 8, 108, NULL, NULL),
(348, 'شاهدشهر', 8, 108, NULL, NULL),
(349, 'شهریار', 8, 108, NULL, NULL),
(350, 'صباشهر', 8, 108, NULL, NULL),
(351, 'فردوسیه', 8, 108, NULL, NULL),
(352, 'وحیدیه', 8, 108, NULL, NULL),
(353, 'ارجمند', 8, 109, NULL, NULL),
(354, 'فیروزکوه', 8, 109, NULL, NULL),
(355, 'قدس', 8, 110, NULL, NULL),
(356, 'قرچک', 8, 111, NULL, NULL),
(357, 'صفادشت', 8, 112, NULL, NULL),
(358, 'ملارد', 8, 112, NULL, NULL),
(359, 'جوادآباد', 8, 113, NULL, NULL),
(360, 'ورامین', 8, 113, NULL, NULL),
(361, 'اردل', 9, 114, NULL, NULL),
(362, 'دشتک', 9, 114, NULL, NULL),
(363, 'سرخون', 9, 114, NULL, NULL),
(364, 'کاج', 9, 114, NULL, NULL),
(365, 'بروجن', 9, 115, NULL, NULL),
(366, 'بلداجی', 9, 115, NULL, NULL),
(367, 'سفیددشت', 9, 115, NULL, NULL),
(368, 'فرادبنه', 9, 115, NULL, NULL),
(369, 'گندمان', 9, 115, NULL, NULL),
(370, 'نقنه', 9, 115, NULL, NULL),
(371, 'بن', 9, 116, NULL, NULL),
(372, 'وردنجان', 9, 116, NULL, NULL),
(373, 'سامان', 9, 117, NULL, NULL),
(374, 'سودجان', 9, 118, NULL, NULL),
(375, 'سورشجان', 9, 118, NULL, NULL),
(376, 'شهرکرد', 9, 118, NULL, NULL),
(377, 'طاقانک', 9, 118, NULL, NULL),
(378, 'فرخ شهر', 9, 118, NULL, NULL),
(379, 'کیان', 9, 118, NULL, NULL),
(380, 'نافچ', 9, 118, NULL, NULL),
(381, 'هارونی', 9, 118, NULL, NULL),
(382, 'هفشجان', 9, 118, NULL, NULL),
(383, 'باباحیدر', 9, 119, NULL, NULL),
(384, 'پردنجان', 9, 119, NULL, NULL),
(385, 'جونقان', 9, 119, NULL, NULL),
(386, 'چلیچه', 9, 119, NULL, NULL),
(387, 'فارسان', 9, 119, NULL, NULL),
(388, 'گوجان', 9, 119, NULL, NULL),
(389, 'بازفت', 9, 120, NULL, NULL),
(390, 'چلگرد', 9, 120, NULL, NULL),
(391, 'صمصامی', 9, 120, NULL, NULL),
(392, 'دستنا', 9, 121, NULL, NULL),
(393, 'شلمزار', 9, 121, NULL, NULL),
(394, 'گهرو', 9, 121, NULL, NULL),
(395, 'ناغان', 9, 121, NULL, NULL),
(396, 'آلونی', 9, 122, NULL, NULL),
(397, 'سردشت', 9, 122, NULL, NULL),
(398, 'لردگان', 9, 122, NULL, NULL),
(399, 'مال خلیفه', 9, 122, NULL, NULL),
(400, 'منج', 9, 122, NULL, NULL),
(401, 'ارسک', 10, 123, NULL, NULL),
(402, 'بشرویه', 10, 123, NULL, NULL),
(403, 'بیرجند', 10, 124, NULL, NULL),
(404, 'خوسف', 10, 125, NULL, NULL),
(405, 'محمدشهر', 10, 125, NULL, NULL),
(406, 'اسدیه', 10, 126, NULL, NULL),
(407, 'طبس مسینا', 10, 126, NULL, NULL),
(408, 'قهستان', 10, 126, NULL, NULL),
(409, 'گزیک', 10, 126, NULL, NULL),
(410, 'حاجی آباد', 10, 127, NULL, NULL),
(411, 'زهان', 10, 127, NULL, NULL),
(412, 'آیسک', 10, 128, NULL, NULL),
(413, 'سرایان', 10, 128, NULL, NULL),
(414, 'سه قلعه', 10, 128, NULL, NULL),
(415, 'سربیشه', 10, 129, NULL, NULL),
(416, 'مود', 10, 129, NULL, NULL),
(417, 'دیهوک', 10, 130, NULL, NULL),
(418, 'طبس', 10, 130, NULL, NULL),
(419, 'عشق آباد', 10, 130, NULL, NULL),
(420, 'اسلامیه', 10, 131, NULL, NULL),
(421, 'فردوس', 10, 131, NULL, NULL),
(422, 'آرین شهر', 10, 132, NULL, NULL),
(423, 'اسفدن', 10, 132, NULL, NULL),
(424, 'خضری دشت بیاض', 10, 132, NULL, NULL),
(425, 'قاین', 10, 132, NULL, NULL),
(426, 'نیمبلوک', 10, 132, NULL, NULL),
(427, 'شوسف', 10, 133, NULL, NULL),
(428, 'نهبندان', 10, 133, NULL, NULL),
(429, 'باخرز', 11, 134, NULL, NULL),
(430, 'بجستان', 11, 135, NULL, NULL),
(431, 'یونسی', 11, 135, NULL, NULL),
(432, 'انابد', 11, 136, NULL, NULL),
(433, 'بردسکن', 11, 136, NULL, NULL),
(434, 'شهراباد', 11, 136, NULL, NULL),
(435, 'شاندیز', 11, 137, NULL, NULL),
(436, 'طرقبه', 11, 137, NULL, NULL),
(437, 'تایباد', 11, 138, NULL, NULL),
(438, 'کاریز', 11, 138, NULL, NULL),
(439, 'مشهدریزه', 11, 138, NULL, NULL),
(440, 'احمدابادصولت', 11, 139, NULL, NULL),
(441, 'تربت جام', 11, 139, NULL, NULL),
(442, 'صالح آباد', 11, 139, NULL, NULL),
(443, 'نصرآباد', 11, 139, NULL, NULL),
(444, 'نیل شهر', 11, 139, NULL, NULL),
(445, 'بایک', 11, 140, NULL, NULL),
(446, 'تربت حیدریه', 11, 140, NULL, NULL),
(447, 'رباط سنگ', 11, 140, NULL, NULL),
(448, 'کدکن', 11, 140, NULL, NULL),
(449, 'جغتای', 11, 141, NULL, NULL),
(450, 'نقاب', 11, 142, NULL, NULL),
(451, 'چناران', 11, 143, NULL, NULL),
(452, 'گلبهار', 11, 143, NULL, NULL),
(453, 'گلمکان', 11, 143, NULL, NULL),
(454, 'خلیل آباد', 11, 144, NULL, NULL),
(455, 'کندر', 11, 144, NULL, NULL),
(456, 'خواف', 11, 145, NULL, NULL),
(457, 'سلامی', 11, 145, NULL, NULL),
(458, 'سنگان', 11, 145, NULL, NULL),
(459, 'قاسم آباد', 11, 145, NULL, NULL),
(460, 'نشتیفان', 11, 145, NULL, NULL),
(461, 'سلطان آباد', 11, 146, NULL, NULL),
(462, 'داورزن', 11, 147, NULL, NULL),
(463, 'چاپشلو', 11, 148, NULL, NULL),
(464, 'درگز', 11, 148, NULL, NULL),
(465, 'لطف آباد', 11, 148, NULL, NULL),
(466, 'نوخندان', 11, 148, NULL, NULL),
(467, 'جنگل', 11, 149, NULL, NULL),
(468, 'رشتخوار', 11, 149, NULL, NULL),
(469, 'دولت آباد', 11, 150, NULL, NULL),
(470, 'روداب', 11, 151, NULL, NULL),
(471, 'سبزوار', 11, 151, NULL, NULL),
(472, 'ششتمد', 11, 151, NULL, NULL),
(473, 'سرخس', 11, 152, NULL, NULL),
(474, 'مزدآوند', 11, 152, NULL, NULL),
(475, 'سفیدسنگ', 11, 153, NULL, NULL),
(476, 'فرهادگرد', 11, 153, NULL, NULL),
(477, 'فریمان', 11, 153, NULL, NULL),
(478, 'قلندرآباد', 11, 153, NULL, NULL),
(479, 'فیروزه', 11, 154, NULL, NULL),
(480, 'همت آباد', 11, 154, NULL, NULL),
(481, 'باجگیران', 11, 155, NULL, NULL),
(482, 'قوچان', 11, 155, NULL, NULL),
(483, 'ریوش', 11, 156, NULL, NULL),
(484, 'کاشمر', 11, 156, NULL, NULL),
(485, 'شهرزو', 11, 157, NULL, NULL),
(486, 'کلات', 11, 157, NULL, NULL),
(487, 'بیدخت', 11, 158, NULL, NULL),
(488, 'کاخک', 11, 158, NULL, NULL),
(489, 'گناباد', 11, 158, NULL, NULL),
(490, 'رضویه', 11, 159, NULL, NULL),
(491, 'مشهد', 11, 159, NULL, NULL),
(492, 'مشهد ثامن', 11, 159, NULL, NULL),
(493, 'ملک آباد', 11, 159, NULL, NULL),
(494, 'شادمهر', 11, 160, NULL, NULL),
(495, 'فیض آباد', 11, 160, NULL, NULL),
(496, 'بار', 11, 161, NULL, NULL),
(497, 'چکنه', 11, 161, NULL, NULL),
(498, 'خرو', 11, 161, NULL, NULL),
(499, 'درود', 11, 161, NULL, NULL),
(500, 'عشق آباد', 11, 161, NULL, NULL),
(501, 'قدمگاه', 11, 161, NULL, NULL),
(502, 'نیشابور', 11, 161, NULL, NULL),
(503, 'اسفراین', 12, 162, NULL, NULL),
(504, 'صفی آباد', 12, 162, NULL, NULL),
(505, 'بجنورد', 12, 163, NULL, NULL),
(506, 'چناران شهر', 12, 163, NULL, NULL),
(507, 'حصارگرمخان', 12, 163, NULL, NULL),
(508, 'جاجرم', 12, 164, NULL, NULL),
(509, 'سنخواست', 12, 164, NULL, NULL),
(510, 'شوقان', 12, 164, NULL, NULL),
(511, 'راز', 12, 165, NULL, NULL),
(512, 'زیارت', 12, 166, NULL, NULL),
(513, 'شیروان', 12, 166, NULL, NULL),
(514, 'قوشخانه', 12, 166, NULL, NULL),
(515, 'لوجلی', 12, 166, NULL, NULL),
(516, 'تیتکانلو', 12, 167, NULL, NULL),
(517, 'فاروج', 12, 167, NULL, NULL),
(518, 'ایور', 12, 168, NULL, NULL),
(519, 'درق', 12, 168, NULL, NULL),
(520, 'گرمه', 12, 168, NULL, NULL),
(521, 'آشخانه', 12, 169, NULL, NULL),
(522, 'آوا', 12, 169, NULL, NULL),
(523, 'پیش قلعه', 12, 169, NULL, NULL),
(524, 'قاضی', 12, 169, NULL, NULL),
(525, 'آبادان', 13, 170, NULL, NULL),
(526, 'اروندکنار', 13, 170, NULL, NULL),
(527, 'چویبده', 13, 170, NULL, NULL),
(528, 'آغاجاری', 13, 171, NULL, NULL),
(529, 'امیدیه', 13, 172, NULL, NULL),
(530, 'جایزان', 13, 172, NULL, NULL),
(531, 'آبژدان', 13, 173, NULL, NULL),
(532, 'قلعه خواجه', 13, 173, NULL, NULL),
(533, 'آزادی', 13, 174, NULL, NULL),
(534, 'اندیمشک', 13, 174, NULL, NULL),
(535, 'بیدروبه', 13, 174, NULL, NULL),
(536, 'چم گلک', 13, 174, NULL, NULL),
(537, 'حسینیه', 13, 174, NULL, NULL),
(538, 'الهایی', 13, 175, NULL, NULL),
(539, 'اهواز', 13, 175, NULL, NULL),
(540, 'ایذه', 13, 176, NULL, NULL),
(541, 'دهدز', 13, 176, NULL, NULL),
(542, 'باغ ملک', 13, 177, NULL, NULL),
(543, 'صیدون', 13, 177, NULL, NULL),
(544, 'قلعه تل', 13, 177, NULL, NULL),
(545, 'میداود', 13, 177, NULL, NULL),
(546, 'شیبان', 13, 178, NULL, NULL),
(547, 'ملاثانی', 13, 178, NULL, NULL),
(548, 'ویس', 13, 178, NULL, NULL),
(549, 'بندرامام خمینی', 13, 179, NULL, NULL),
(550, 'بندرماهشهر', 13, 179, NULL, NULL),
(551, 'چمران', 13, 179, NULL, NULL),
(552, 'بهبهان', 13, 180, NULL, NULL),
(553, 'تشان', 13, 180, NULL, NULL),
(554, 'سردشت', 13, 180, NULL, NULL),
(555, 'منصوریه', 13, 180, NULL, NULL),
(556, 'حمیدیه', 13, 181, NULL, NULL),
(557, 'خرمشهر', 13, 182, NULL, NULL),
(558, 'مقاومت', 13, 182, NULL, NULL),
(559, 'مینوشهر', 13, 182, NULL, NULL),
(560, 'چغامیش', 13, 183, NULL, NULL),
(561, 'حمزه', 13, 183, NULL, NULL),
(562, 'دزفول', 13, 183, NULL, NULL),
(563, 'سالند', 13, 183, NULL, NULL),
(564, 'سیاه منصور', 13, 183, NULL, NULL),
(565, 'شمس آباد', 13, 183, NULL, NULL),
(566, 'شهر امام', 13, 183, NULL, NULL),
(567, 'صفی آباد', 13, 183, NULL, NULL),
(568, 'میانرود', 13, 183, NULL, NULL),
(569, 'ابوحمیظه', 13, 184, NULL, NULL),
(570, 'بستان', 13, 184, NULL, NULL),
(571, 'سوسنگرد', 13, 184, NULL, NULL),
(572, 'کوت سیدنعیم', 13, 184, NULL, NULL),
(573, 'رامشیر', 13, 185, NULL, NULL),
(574, 'مشراگه', 13, 185, NULL, NULL),
(575, 'رامهرمز', 13, 186, NULL, NULL),
(576, 'خنافره', 13, 187, NULL, NULL),
(577, 'دارخوین', 13, 187, NULL, NULL),
(578, 'شادگان', 13, 187, NULL, NULL),
(579, 'الوان', 13, 188, NULL, NULL),
(580, 'حر', 13, 188, NULL, NULL),
(581, 'شاوور', 13, 188, NULL, NULL),
(582, 'شوش', 13, 188, NULL, NULL),
(583, 'فتح المبین', 13, 188, NULL, NULL),
(584, 'سرداران', 13, 189, NULL, NULL),
(585, 'شرافت', 13, 189, NULL, NULL),
(586, 'شوشتر', 13, 189, NULL, NULL),
(587, 'گوریه', 13, 189, NULL, NULL),
(588, 'کوت عبداله', 13, 190, NULL, NULL),
(589, 'ترکالکی', 13, 191, NULL, NULL),
(590, 'جنت مکان', 13, 191, NULL, NULL),
(591, 'سماله', 13, 191, NULL, NULL),
(592, 'صالح شهر', 13, 191, NULL, NULL),
(593, 'گتوند', 13, 191, NULL, NULL),
(594, 'لالی', 13, 192, NULL, NULL),
(595, 'گلگیر', 13, 193, NULL, NULL),
(596, 'مسجدسلیمان', 13, 193, NULL, NULL),
(597, 'هفتگل', 13, 194, NULL, NULL),
(598, 'زهره', 13, 195, NULL, NULL),
(599, 'هندیجان', 13, 195, NULL, NULL),
(600, 'رفیع', 13, 196, NULL, NULL),
(601, 'هویزه', 13, 196, NULL, NULL),
(602, 'ابهر', 14, 197, NULL, NULL),
(603, 'صایین قلعه', 14, 197, NULL, NULL),
(604, 'هیدج', 14, 197, NULL, NULL),
(605, 'حلب', 14, 198, NULL, NULL),
(606, 'زرین آباد', 14, 198, NULL, NULL),
(607, 'زرین رود', 14, 199, NULL, NULL),
(608, 'سجاس', 14, 199, NULL, NULL),
(609, 'سهرورد', 14, 199, NULL, NULL),
(610, 'قیدار', 14, 199, NULL, NULL),
(611, 'کرسف', 14, 199, NULL, NULL),
(612, 'گرماب', 14, 199, NULL, NULL),
(613, 'نوربهار', 14, 199, NULL, NULL),
(614, 'خرمدره', 14, 200, NULL, NULL),
(615, 'ارمغانخانه', 14, 201, NULL, NULL),
(616, 'زنجان', 14, 201, NULL, NULL),
(617, 'نیک پی', 14, 201, NULL, NULL),
(618, 'سلطانیه', 14, 202, NULL, NULL),
(619, 'آب بر', 14, 203, NULL, NULL),
(620, 'چورزق', 14, 203, NULL, NULL),
(621, 'دندی', 14, 204, NULL, NULL),
(622, 'ماه نشان', 14, 204, NULL, NULL),
(623, 'آرادان', 15, 205, NULL, NULL),
(624, 'کهن آباد', 15, 205, NULL, NULL),
(625, 'امیریه', 15, 206, NULL, NULL),
(626, 'دامغان', 15, 206, NULL, NULL),
(627, 'دیباج', 15, 206, NULL, NULL),
(628, 'کلاته', 15, 206, NULL, NULL),
(629, 'سرخه', 15, 207, NULL, NULL),
(630, 'سمنان', 15, 208, NULL, NULL),
(631, 'بسطام', 15, 209, NULL, NULL),
(632, 'بیارجمند', 15, 209, NULL, NULL),
(633, 'رودیان', 15, 209, NULL, NULL),
(634, 'شاهرود', 15, 209, NULL, NULL),
(635, 'کلاته خیج', 15, 209, NULL, NULL),
(636, 'مجن', 15, 209, NULL, NULL),
(637, 'ایوانکی', 15, 210, NULL, NULL),
(638, 'گرمسار', 15, 210, NULL, NULL),
(639, 'درجزین', 15, 211, NULL, NULL),
(640, 'شهمیرزاد', 15, 211, NULL, NULL),
(641, 'مهدی شهر', 15, 211, NULL, NULL),
(642, 'میامی', 15, 212, NULL, NULL),
(643, 'ایرانشهر', 16, 213, NULL, NULL),
(644, 'بزمان', 16, 213, NULL, NULL),
(645, 'بمپور', 16, 213, NULL, NULL),
(646, 'محمدان', 16, 213, NULL, NULL),
(647, 'چابهار', 16, 214, NULL, NULL),
(648, 'نگور', 16, 214, NULL, NULL),
(649, 'خاش', 16, 215, NULL, NULL),
(650, 'نوک آباد', 16, 215, NULL, NULL),
(651, 'گلمورتی', 16, 216, NULL, NULL),
(652, 'بنجار', 16, 217, NULL, NULL),
(653, 'زابل', 16, 217, NULL, NULL),
(654, 'زاهدان', 16, 218, NULL, NULL),
(655, 'نصرت آباد', 16, 218, NULL, NULL),
(656, 'زهک', 16, 219, NULL, NULL),
(657, 'جالق', 16, 220, NULL, NULL),
(658, 'سراوان', 16, 220, NULL, NULL),
(659, 'سیرکان', 16, 220, NULL, NULL),
(660, 'گشت', 16, 220, NULL, NULL),
(661, 'محمدی', 16, 220, NULL, NULL),
(662, 'پیشین', 16, 221, NULL, NULL),
(663, 'راسک', 16, 221, NULL, NULL),
(664, 'سرباز', 16, 221, NULL, NULL),
(665, 'سوران', 16, 222, NULL, NULL),
(666, 'هیدوچ', 16, 222, NULL, NULL),
(667, 'فنوج', 16, 223, NULL, NULL),
(668, 'قصرقند', 16, 224, NULL, NULL),
(669, 'زرآباد', 16, 225, NULL, NULL),
(670, 'کنارک', 16, 225, NULL, NULL),
(671, 'مهرستان', 16, 226, NULL, NULL),
(672, 'میرجاوه', 16, 227, NULL, NULL),
(673, 'اسپکه', 16, 228, NULL, NULL),
(674, 'بنت', 16, 228, NULL, NULL),
(675, 'نیک شهر', 16, 228, NULL, NULL),
(676, 'ادیمی', 16, 229, NULL, NULL),
(677, 'شهرک علی اکبر', 16, 230, NULL, NULL),
(678, 'محمدآباد', 16, 230, NULL, NULL),
(679, 'دوست محمد', 16, 231, NULL, NULL),
(680, 'آباده', 17, 232, NULL, NULL),
(681, 'ایزدخواست', 17, 232, NULL, NULL),
(682, 'بهمن', 17, 232, NULL, NULL),
(683, 'سورمق', 17, 232, NULL, NULL),
(684, 'صغاد', 17, 232, NULL, NULL),
(685, 'ارسنجان', 17, 233, NULL, NULL),
(686, 'استهبان', 17, 234, NULL, NULL),
(687, 'ایج', 17, 234, NULL, NULL),
(688, 'رونیز', 17, 234, NULL, NULL),
(689, 'اقلید', 17, 235, NULL, NULL),
(690, 'حسن اباد', 17, 235, NULL, NULL),
(691, 'دژکرد', 17, 235, NULL, NULL),
(692, 'سده', 17, 235, NULL, NULL),
(693, 'بوانات', 17, 236, NULL, NULL),
(694, 'حسامی', 17, 236, NULL, NULL),
(695, 'کره ای', 17, 236, NULL, NULL),
(696, 'مزایجان', 17, 236, NULL, NULL),
(697, 'سعادت شهر', 17, 237, NULL, NULL),
(698, 'مادرسلیمان', 17, 237, NULL, NULL),
(699, 'باب انار', 17, 238, NULL, NULL),
(700, 'جهرم', 17, 238, NULL, NULL),
(701, 'خاوران', 17, 238, NULL, NULL),
(702, 'دوزه', 17, 238, NULL, NULL),
(703, 'قطب آباد', 17, 238, NULL, NULL),
(704, 'خرامه', 17, 239, NULL, NULL),
(705, 'سلطان شهر', 17, 239, NULL, NULL),
(706, 'صفاشهر', 17, 240, NULL, NULL),
(707, 'قادراباد', 17, 240, NULL, NULL),
(708, 'خنج', 17, 241, NULL, NULL),
(709, 'جنت شهر', 17, 242, NULL, NULL),
(710, 'داراب', 17, 242, NULL, NULL),
(711, 'دوبرجی', 17, 242, NULL, NULL),
(712, 'فدامی', 17, 242, NULL, NULL),
(713, 'کوپن', 17, 243, NULL, NULL),
(714, 'مصیری', 17, 243, NULL, NULL),
(715, 'حاجی آباد', 17, 244, NULL, NULL),
(716, 'دبیران', 17, 244, NULL, NULL),
(717, 'شهرپیر', 17, 244, NULL, NULL),
(718, 'اردکان', 17, 245, NULL, NULL),
(719, 'بیضا', 17, 245, NULL, NULL),
(720, 'هماشهر', 17, 245, NULL, NULL),
(721, 'سروستان', 17, 246, NULL, NULL),
(722, 'کوهنجان', 17, 246, NULL, NULL),
(723, 'خانه زنیان', 17, 247, NULL, NULL),
(724, 'داریان', 17, 247, NULL, NULL),
(725, 'زرقان', 17, 247, NULL, NULL),
(726, 'شهرصدرا', 17, 247, NULL, NULL),
(727, 'شیراز', 17, 247, NULL, NULL),
(728, 'لپویی', 17, 247, NULL, NULL),
(729, 'دهرم', 17, 248, NULL, NULL),
(730, 'فراشبند', 17, 248, NULL, NULL),
(731, 'نوجین', 17, 248, NULL, NULL),
(732, 'زاهدشهر', 17, 249, NULL, NULL),
(733, 'ششده', 17, 249, NULL, NULL),
(734, 'فسا', 17, 249, NULL, NULL),
(735, 'قره بلاغ', 17, 249, NULL, NULL),
(736, 'میانشهر', 17, 249, NULL, NULL),
(737, 'نوبندگان', 17, 249, NULL, NULL),
(738, 'فیروزآباد', 17, 250, NULL, NULL),
(739, 'میمند', 17, 250, NULL, NULL),
(740, 'افزر', 17, 251, NULL, NULL),
(741, 'امام شهر', 17, 251, NULL, NULL),
(742, 'قیر', 17, 251, NULL, NULL),
(743, '(کارزین (فتح آباد', 17, 251, NULL, NULL),
(744, 'مبارک آباددیز', 17, 251, NULL, NULL),
(745, 'بالاده', 17, 252, NULL, NULL),
(746, 'خشت', 17, 252, NULL, NULL),
(747, 'قایمیه', 17, 252, NULL, NULL),
(748, 'کازرون', 17, 252, NULL, NULL),
(749, 'کنارتخته', 17, 252, NULL, NULL),
(750, 'نودان', 17, 252, NULL, NULL),
(751, 'کوار', 17, 253, NULL, NULL),
(752, 'گراش', 17, 254, NULL, NULL),
(753, 'اوز', 17, 255, NULL, NULL),
(754, 'بنارویه', 17, 255, NULL, NULL),
(755, 'بیرم', 17, 255, NULL, NULL),
(756, 'جویم', 17, 255, NULL, NULL),
(757, 'خور', 17, 255, NULL, NULL),
(758, 'عمادده', 17, 255, NULL, NULL),
(759, 'لار', 17, 255, NULL, NULL),
(760, 'لطیفی', 17, 255, NULL, NULL),
(761, 'اشکنان', 17, 256, NULL, NULL),
(762, 'اهل', 17, 256, NULL, NULL),
(763, 'علامرودشت', 17, 256, NULL, NULL),
(764, 'لامرد', 17, 256, NULL, NULL),
(765, 'خانیمن', 17, 257, NULL, NULL),
(766, 'رامجرد', 17, 257, NULL, NULL),
(767, 'سیدان', 17, 257, NULL, NULL),
(768, 'کامفیروز', 17, 257, NULL, NULL),
(769, 'مرودشت', 17, 257, NULL, NULL),
(770, 'بابامنیر', 17, 258, NULL, NULL),
(771, 'خومه زار', 17, 258, NULL, NULL),
(772, 'نورآباد', 17, 258, NULL, NULL),
(773, 'اسیر', 17, 259, NULL, NULL),
(774, 'خوزی', 17, 259, NULL, NULL),
(775, 'گله دار', 17, 259, NULL, NULL),
(776, 'مهر', 17, 259, NULL, NULL),
(777, 'وراوی', 17, 259, NULL, NULL),
(778, 'آباده طشک', 17, 260, NULL, NULL),
(779, 'قطرویه', 17, 260, NULL, NULL),
(780, 'مشکان', 17, 260, NULL, NULL),
(781, 'نی ریز', 17, 260, NULL, NULL),
(782, 'آبیک', 18, 261, NULL, NULL),
(783, 'خاکعلی', 18, 261, NULL, NULL),
(784, 'آبگرم', 18, 262, NULL, NULL),
(785, 'آوج', 18, 262, NULL, NULL),
(786, 'الوند', 18, 263, NULL, NULL),
(787, 'بیدستان', 18, 263, NULL, NULL),
(788, 'شریفیه', 18, 263, NULL, NULL),
(789, 'محمدیه', 18, 263, NULL, NULL),
(790, 'ارداق', 18, 264, NULL, NULL),
(791, 'بویین زهرا', 18, 264, NULL, NULL),
(792, 'دانسفهان', 18, 264, NULL, NULL),
(793, 'سگزآباد', 18, 264, NULL, NULL),
(794, 'شال', 18, 264, NULL, NULL),
(795, 'اسفرورین', 18, 265, NULL, NULL),
(796, 'تاکستان', 18, 265, NULL, NULL),
(797, 'خرمدشت', 18, 265, NULL, NULL),
(798, 'ضیاڈآباد', 18, 265, NULL, NULL),
(799, 'نرجه', 18, 265, NULL, NULL),
(800, 'اقبالیه', 18, 266, NULL, NULL),
(801, 'رازمیان', 18, 266, NULL, NULL),
(802, 'سیردان', 18, 266, NULL, NULL),
(803, 'قزوین', 18, 266, NULL, NULL),
(804, 'کوهین', 18, 266, NULL, NULL),
(805, 'محمودآبادنمونه', 18, 266, NULL, NULL),
(806, 'معلم کلایه', 18, 266, NULL, NULL),
(807, 'جعفریه', 19, 267, NULL, NULL),
(808, 'دستجرد', 19, 267, NULL, NULL),
(809, 'سلفچگان', 19, 267, NULL, NULL),
(810, 'قم', 19, 267, NULL, NULL),
(811, 'قنوات', 19, 267, NULL, NULL),
(812, 'کهک', 19, 267, NULL, NULL),
(813, 'آرمرده', 20, 268, NULL, NULL),
(814, 'بانه', 20, 268, NULL, NULL),
(815, 'بویین سفلی', 20, 268, NULL, NULL),
(816, 'کانی سور', 20, 268, NULL, NULL),
(817, 'بابارشانی', 20, 269, NULL, NULL),
(818, 'بیجار', 20, 269, NULL, NULL),
(819, 'پیرتاج', 20, 269, NULL, NULL),
(820, 'توپ آغاج', 20, 269, NULL, NULL),
(821, 'یاسوکند', 20, 269, NULL, NULL),
(822, 'بلبان آباد', 20, 270, NULL, NULL),
(823, 'دهگلان', 20, 270, NULL, NULL),
(824, 'دیواندره', 20, 271, NULL, NULL),
(825, 'زرینه', 20, 271, NULL, NULL),
(826, 'اورامان تخت', 20, 272, NULL, NULL),
(827, 'سروآباد', 20, 272, NULL, NULL),
(828, 'سقز', 20, 273, NULL, NULL),
(829, 'صاحب', 20, 273, NULL, NULL),
(830, 'سنندج', 20, 274, NULL, NULL),
(831, 'شویشه', 20, 274, NULL, NULL),
(832, 'دزج', 20, 275, NULL, NULL),
(833, 'دلبران', 20, 275, NULL, NULL),
(834, 'سریش آباد', 20, 275, NULL, NULL),
(835, 'قروه', 20, 275, NULL, NULL),
(836, 'کامیاران', 20, 276, NULL, NULL),
(837, 'موچش', 20, 276, NULL, NULL),
(838, 'برده رشه', 20, 277, NULL, NULL),
(839, 'چناره', 20, 277, NULL, NULL),
(840, 'کانی دینار', 20, 277, NULL, NULL),
(841, 'مریوان', 20, 277, NULL, NULL),
(842, 'ارزوییه', 21, 278, NULL, NULL),
(843, 'امین شهر', 21, 279, NULL, NULL),
(844, 'انار', 21, 279, NULL, NULL),
(845, 'بافت', 21, 280, NULL, NULL),
(846, 'بزنجان', 21, 280, NULL, NULL),
(847, 'بردسیر', 21, 281, NULL, NULL),
(848, 'دشتکار', 21, 281, NULL, NULL),
(849, 'گلزار', 21, 281, NULL, NULL),
(850, 'لاله زار', 21, 281, NULL, NULL),
(851, 'نگار', 21, 281, NULL, NULL),
(852, 'بروات', 21, 282, NULL, NULL),
(853, 'بم', 21, 282, NULL, NULL),
(854, 'بلوک', 21, 283, NULL, NULL),
(855, 'جبالبارز', 21, 283, NULL, NULL),
(856, 'جیرفت', 21, 283, NULL, NULL),
(857, 'درب بهشت', 21, 283, NULL, NULL),
(858, 'رابر', 21, 284, NULL, NULL),
(859, 'هنزا', 21, 284, NULL, NULL),
(860, 'راور', 21, 285, NULL, NULL),
(861, 'هجدک', 21, 285, NULL, NULL),
(862, 'بهرمان', 21, 286, NULL, NULL),
(863, 'رفسنجان', 21, 286, NULL, NULL),
(864, 'صفاییه', 21, 286, NULL, NULL),
(865, 'کشکوییه', 21, 286, NULL, NULL),
(866, 'مس سرچشمه', 21, 286, NULL, NULL),
(867, 'رودبار', 21, 287, NULL, NULL),
(868, 'زهکلوت', 21, 287, NULL, NULL),
(869, 'گنبکی', 21, 288, NULL, NULL),
(870, 'محمدآباد', 21, 288, NULL, NULL),
(871, 'خانوک', 21, 289, NULL, NULL),
(872, 'ریحان', 21, 289, NULL, NULL),
(873, 'زرند', 21, 289, NULL, NULL),
(874, 'یزدان شهر', 21, 289, NULL, NULL),
(875, 'بلورد', 21, 290, NULL, NULL),
(876, 'پاریز', 21, 290, NULL, NULL),
(877, 'خواجو شهر', 21, 290, NULL, NULL),
(878, 'زیدآباد', 21, 290, NULL, NULL),
(879, 'سیرجان', 21, 290, NULL, NULL),
(880, 'نجف شهر', 21, 290, NULL, NULL),
(881, 'هماشهر', 21, 290, NULL, NULL),
(882, 'جوزم', 21, 291, NULL, NULL),
(883, 'خاتون اباد', 21, 291, NULL, NULL),
(884, 'خورسند', 21, 291, NULL, NULL),
(885, 'دهج', 21, 291, NULL, NULL),
(886, 'شهربابک', 21, 291, NULL, NULL),
(887, 'دوساری', 21, 292, NULL, NULL),
(888, 'عنبرآباد', 21, 292, NULL, NULL),
(889, 'مردهک', 21, 292, NULL, NULL),
(890, 'فاریاب', 21, 293, NULL, NULL),
(891, 'فهرج', 21, 294, NULL, NULL),
(892, 'قلعه گنج', 21, 295, NULL, NULL),
(893, 'اختیارآباد', 21, 296, NULL, NULL),
(894, 'اندوهجرد', 21, 296, NULL, NULL),
(895, 'باغین', 21, 296, NULL, NULL),
(896, 'جوپار', 21, 296, NULL, NULL),
(897, 'چترود', 21, 296, NULL, NULL),
(898, 'راین', 21, 296, NULL, NULL),
(899, 'زنگی آباد', 21, 296, NULL, NULL),
(900, 'شهداد', 21, 296, NULL, NULL),
(901, 'کاظم آباد', 21, 296, NULL, NULL),
(902, 'کرمان', 21, 296, NULL, NULL),
(903, 'گلباف', 21, 296, NULL, NULL),
(904, 'ماهان', 21, 296, NULL, NULL),
(905, 'محی آباد', 21, 296, NULL, NULL),
(906, 'کوهبنان', 21, 297, NULL, NULL),
(907, 'کیانشهر', 21, 297, NULL, NULL),
(908, 'کهنوج', 21, 298, NULL, NULL),
(909, 'منوجان', 21, 299, NULL, NULL),
(910, 'نودژ', 21, 299, NULL, NULL),
(911, 'نرماشیر', 21, 300, NULL, NULL),
(912, 'نظام شهر', 21, 300, NULL, NULL),
(913, 'اسلام آبادغرب', 22, 301, NULL, NULL),
(914, 'حمیل', 22, 301, NULL, NULL),
(915, 'بانوره', 22, 302, NULL, NULL),
(916, 'باینگان', 22, 302, NULL, NULL),
(917, 'پاوه', 22, 302, NULL, NULL),
(918, 'نودشه', 22, 302, NULL, NULL),
(919, 'نوسود', 22, 302, NULL, NULL),
(920, 'ازگله', 22, 303, NULL, NULL),
(921, 'تازه آباد', 22, 303, NULL, NULL),
(922, 'جوانرود', 22, 304, NULL, NULL),
(923, 'ریجاب', 22, 305, NULL, NULL),
(924, 'کرند', 22, 305, NULL, NULL),
(925, 'گهواره', 22, 305, NULL, NULL),
(926, 'روانسر', 22, 306, NULL, NULL),
(927, 'شاهو', 22, 306, NULL, NULL),
(928, 'سرپل ذهاب', 22, 307, NULL, NULL),
(929, 'سطر', 22, 308, NULL, NULL),
(930, 'سنقر', 22, 308, NULL, NULL),
(931, 'صحنه', 22, 309, NULL, NULL),
(932, 'میان راهان', 22, 309, NULL, NULL),
(933, 'سومار', 22, 310, NULL, NULL),
(934, 'قصرشیرین', 22, 310, NULL, NULL),
(935, 'رباط', 22, 311, NULL, NULL),
(936, 'کرمانشاه', 22, 311, NULL, NULL),
(937, 'کوزران', 22, 311, NULL, NULL),
(938, 'هلشی', 22, 311, NULL, NULL),
(939, 'کنگاور', 22, 312, NULL, NULL),
(940, 'گودین', 22, 312, NULL, NULL),
(941, 'سرمست', 22, 313, NULL, NULL),
(942, 'گیلانغرب', 22, 313, NULL, NULL),
(943, 'بیستون', 22, 314, NULL, NULL),
(944, 'هرسین', 22, 314, NULL, NULL),
(945, 'باشت', 23, 315, NULL, NULL),
(946, 'چیتاب', 23, 316, NULL, NULL),
(947, 'گراب سفلی', 23, 316, NULL, NULL),
(948, 'مادوان', 23, 316, NULL, NULL),
(949, 'مارگون', 23, 316, NULL, NULL),
(950, 'یاسوج', 23, 316, NULL, NULL),
(951, 'لیکک', 23, 317, NULL, NULL),
(952, 'چرام', 23, 318, NULL, NULL),
(953, 'سرفاریاب', 23, 318, NULL, NULL),
(954, 'پاتاوه', 23, 319, NULL, NULL),
(955, 'سی سخت', 23, 319, NULL, NULL),
(956, 'دهدشت', 23, 320, NULL, NULL),
(957, 'دیشموک', 23, 320, NULL, NULL),
(958, 'سوق', 23, 320, NULL, NULL),
(959, 'قلعه رییسی', 23, 320, NULL, NULL),
(960, 'دوگنبدان', 23, 321, NULL, NULL),
(961, 'لنده', 23, 322, NULL, NULL),
(962, 'آزادشهر', 24, 323, NULL, NULL),
(963, 'نگین شهر', 24, 323, NULL, NULL),
(964, 'نوده خاندوز', 24, 323, NULL, NULL),
(965, 'آق قلا', 24, 324, NULL, NULL),
(966, 'انبارآلوم', 24, 324, NULL, NULL),
(967, 'بندرگز', 24, 325, NULL, NULL),
(968, 'نوکنده', 24, 325, NULL, NULL),
(969, 'بندرترکمن', 24, 326, NULL, NULL),
(970, 'تاتارعلیا', 24, 327, NULL, NULL),
(971, 'خان ببین', 24, 327, NULL, NULL),
(972, 'دلند', 24, 327, NULL, NULL),
(973, 'رامیان', 24, 327, NULL, NULL),
(974, 'سنگدوین', 24, 328, NULL, NULL),
(975, 'علی اباد', 24, 328, NULL, NULL),
(976, 'فاضل آباد', 24, 328, NULL, NULL),
(977, 'مزرعه', 24, 328, NULL, NULL),
(978, 'کردکوی', 24, 329, NULL, NULL),
(979, 'فراغی', 24, 330, NULL, NULL),
(980, 'کلاله', 24, 330, NULL, NULL),
(981, 'گالیکش', 24, 331, NULL, NULL),
(982, 'جلین', 24, 332, NULL, NULL),
(983, 'سرخنکلاته', 24, 332, NULL, NULL),
(984, 'گرگان', 24, 332, NULL, NULL),
(985, 'سیمین شهر', 24, 333, NULL, NULL),
(986, 'گمیش تپه', 24, 333, NULL, NULL),
(987, 'اینچه برون', 24, 334, NULL, NULL),
(988, 'گنبدکاووس', 24, 334, NULL, NULL),
(989, 'مراوه', 24, 335, NULL, NULL),
(990, 'مینودشت', 24, 336, NULL, NULL),
(991, 'آستارا', 25, 337, NULL, NULL),
(992, 'لوندویل', 25, 337, NULL, NULL),
(993, 'آستانه اشرفیه', 25, 338, NULL, NULL),
(994, 'کیاشهر', 25, 338, NULL, NULL),
(995, 'املش', 25, 339, NULL, NULL),
(996, 'رانکوه', 25, 339, NULL, NULL),
(997, 'بندرانزلی', 25, 340, NULL, NULL),
(998, 'خشکبیجار', 25, 341, NULL, NULL),
(999, 'خمام', 25, 341, NULL, NULL),
(1000, 'رشت', 25, 341, NULL, NULL),
(1001, 'سنگر', 25, 341, NULL, NULL),
(1002, 'کوچصفهان', 25, 341, NULL, NULL),
(1003, 'لشت نشاء', 25, 341, NULL, NULL),
(1004, 'لولمان', 25, 341, NULL, NULL),
(1005, 'پره سر', 25, 342, NULL, NULL),
(1006, 'رضوانشهر', 25, 342, NULL, NULL),
(1007, 'بره سر', 25, 343, NULL, NULL),
(1008, 'توتکابن', 25, 343, NULL, NULL),
(1009, 'جیرنده', 25, 343, NULL, NULL),
(1010, 'رستم آباد', 25, 343, NULL, NULL),
(1011, 'رودبار', 25, 343, NULL, NULL),
(1012, 'لوشان', 25, 343, NULL, NULL),
(1013, 'منجیل', 25, 343, NULL, NULL),
(1014, 'چابکسر', 25, 344, NULL, NULL),
(1015, 'رحیم آباد', 25, 344, NULL, NULL),
(1016, 'رودسر', 25, 344, NULL, NULL),
(1017, 'کلاچای', 25, 344, NULL, NULL),
(1018, 'واجارگاه', 25, 344, NULL, NULL),
(1019, 'دیلمان', 25, 345, NULL, NULL),
(1020, 'سیاهکل', 25, 345, NULL, NULL),
(1021, 'احمدسرگوراب', 25, 346, NULL, NULL),
(1022, 'شفت', 25, 346, NULL, NULL),
(1023, 'صومعه سرا', 25, 347, NULL, NULL),
(1024, 'گوراب زرمیخ', 25, 347, NULL, NULL),
(1025, 'مرجقل', 25, 347, NULL, NULL),
(1026, 'اسالم', 25, 348, NULL, NULL),
(1027, 'چوبر', 25, 348, NULL, NULL),
(1028, 'حویق', 25, 348, NULL, NULL),
(1029, 'لیسار', 25, 348, NULL, NULL),
(1030, '(هشتپر (تالش', 25, 348, NULL, NULL),
(1031, 'فومن', 25, 349, NULL, NULL),
(1032, 'ماسوله', 25, 349, NULL, NULL),
(1033, 'ماکلوان', 25, 349, NULL, NULL),
(1034, 'رودبنه', 25, 350, NULL, NULL),
(1035, 'لاهیجان', 25, 350, NULL, NULL),
(1036, 'اطاقور', 25, 351, NULL, NULL),
(1037, 'چاف و چمخاله', 25, 351, NULL, NULL),
(1038, 'شلمان', 25, 351, NULL, NULL),
(1039, 'کومله', 25, 351, NULL, NULL),
(1040, 'لنگرود', 25, 351, NULL, NULL),
(1041, 'بازار جمعه', 25, 352, NULL, NULL),
(1042, 'ماسال', 25, 352, NULL, NULL),
(1043, 'ازنا', 26, 353, NULL, NULL),
(1044, 'مومن آباد', 26, 353, NULL, NULL),
(1045, 'الیگودرز', 26, 354, NULL, NULL),
(1046, 'شول آباد', 26, 354, NULL, NULL),
(1047, 'اشترینان', 26, 355, NULL, NULL),
(1048, 'بروجرد', 26, 355, NULL, NULL),
(1049, 'پلدختر', 26, 356, NULL, NULL),
(1050, 'معمولان', 26, 356, NULL, NULL),
(1051, 'بیران شهر', 26, 357, NULL, NULL),
(1052, 'خرم آباد', 26, 357, NULL, NULL),
(1053, 'زاغه', 26, 357, NULL, NULL),
(1054, 'سپیددشت', 26, 357, NULL, NULL),
(1055, 'نورآباد', 26, 358, NULL, NULL),
(1056, 'هفت چشمه', 26, 358, NULL, NULL),
(1057, 'چالانچولان', 26, 359, NULL, NULL),
(1058, 'دورود', 26, 359, NULL, NULL),
(1059, 'سراب دوره', 26, 360, NULL, NULL),
(1060, 'ویسیان', 26, 360, NULL, NULL),
(1061, 'چقابل', 26, 361, NULL, NULL),
(1062, 'الشتر', 26, 362, NULL, NULL),
(1063, 'فیروزآباد', 26, 362, NULL, NULL),
(1064, 'درب گنبد', 26, 363, NULL, NULL),
(1065, 'کوهدشت', 26, 363, NULL, NULL),
(1066, 'کوهنانی', 26, 363, NULL, NULL),
(1067, 'گراب', 26, 363, NULL, NULL),
(1068, 'آمل', 27, 364, NULL, NULL),
(1069, 'امامزاده عبدالله', 27, 364, NULL, NULL),
(1070, 'دابودشت', 27, 364, NULL, NULL),
(1071, 'رینه', 27, 364, NULL, NULL),
(1072, 'گزنک', 27, 364, NULL, NULL),
(1073, 'امیرکلا', 27, 365, NULL, NULL),
(1074, 'بابل', 27, 365, NULL, NULL),
(1075, 'خوش رودپی', 27, 365, NULL, NULL),
(1076, 'زرگرمحله', 27, 365, NULL, NULL),
(1077, 'گتاب', 27, 365, NULL, NULL),
(1078, 'گلوگاه', 27, 365, NULL, NULL),
(1079, 'مرزیکلا', 27, 365, NULL, NULL),
(1080, 'بابلسر', 27, 366, NULL, NULL),
(1081, 'بهنمیر', 27, 366, NULL, NULL),
(1082, 'هادی شهر', 27, 366, NULL, NULL),
(1083, 'بهشهر', 27, 367, NULL, NULL),
(1084, 'خلیل شهر', 27, 367, NULL, NULL),
(1085, 'رستمکلا', 27, 367, NULL, NULL),
(1086, 'تنکابن', 27, 368, NULL, NULL),
(1087, 'خرم آباد', 27, 368, NULL, NULL),
(1088, 'شیرود', 27, 368, NULL, NULL),
(1089, 'نشتارود', 27, 368, NULL, NULL),
(1090, 'جویبار', 27, 369, NULL, NULL),
(1091, 'کوهی خیل', 27, 369, NULL, NULL),
(1092, 'چالوس', 27, 370, NULL, NULL),
(1093, 'مرزن آباد', 27, 370, NULL, NULL),
(1094, 'هچیرود', 27, 370, NULL, NULL),
(1095, 'رامسر', 27, 371, NULL, NULL),
(1096, 'کتالم وسادات شهر', 27, 371, NULL, NULL),
(1097, 'پایین هولار', 27, 372, NULL, NULL),
(1098, 'ساری', 27, 372, NULL, NULL),
(1099, 'فریم', 27, 372, NULL, NULL),
(1100, 'کیاسر', 27, 372, NULL, NULL),
(1101, 'آلاشت', 27, 373, NULL, NULL),
(1102, 'پل سفید', 27, 373, NULL, NULL),
(1103, 'زیرآب', 27, 373, NULL, NULL),
(1104, 'شیرگاه', 27, 374, NULL, NULL),
(1105, 'کیاکلا', 27, 375, NULL, NULL),
(1106, 'سلمان شهر', 27, 376, NULL, NULL),
(1107, 'عباس اباد', 27, 376, NULL, NULL),
(1108, 'کلارآباد', 27, 376, NULL, NULL),
(1109, 'فریدونکنار', 27, 377, NULL, NULL),
(1110, 'ارطه', 27, 378, NULL, NULL),
(1111, 'قایم شهر', 27, 378, NULL, NULL),
(1112, 'کلاردشت', 27, 379, NULL, NULL),
(1113, 'گلوگاه', 27, 380, NULL, NULL),
(1114, 'سرخرود', 27, 381, NULL, NULL),
(1115, 'محمودآباد', 27, 381, NULL, NULL),
(1116, 'سورک', 27, 382, NULL, NULL),
(1117, 'نکا', 27, 383, NULL, NULL),
(1118, 'ایزدشهر', 27, 384, NULL, NULL),
(1119, 'بلده', 27, 384, NULL, NULL),
(1120, 'چمستان', 27, 384, NULL, NULL),
(1121, 'رویان', 27, 384, NULL, NULL),
(1122, 'نور', 27, 384, NULL, NULL),
(1123, 'پول', 27, 385, NULL, NULL),
(1124, 'کجور', 27, 385, NULL, NULL),
(1125, 'نوشهر', 27, 385, NULL, NULL),
(1126, 'آشتیان', 28, 386, NULL, NULL),
(1127, 'اراک', 28, 387, NULL, NULL),
(1128, 'داودآباد', 28, 387, NULL, NULL),
(1129, 'ساروق', 28, 387, NULL, NULL),
(1130, 'کارچان', 28, 387, NULL, NULL),
(1131, 'تفرش', 28, 388, NULL, NULL),
(1132, 'خمین', 28, 389, NULL, NULL),
(1133, 'قورچی باشی', 28, 389, NULL, NULL),
(1134, 'جاورسیان', 28, 390, NULL, NULL),
(1135, 'خنداب', 28, 390, NULL, NULL),
(1136, 'دلیجان', 28, 391, NULL, NULL),
(1137, 'نراق', 28, 391, NULL, NULL),
(1138, 'پرندک', 28, 392, NULL, NULL),
(1139, 'خشکرود', 28, 392, NULL, NULL),
(1140, 'رازقان', 28, 392, NULL, NULL),
(1141, 'زاویه', 28, 392, NULL, NULL),
(1142, 'مامونیه', 28, 392, NULL, NULL),
(1143, 'آوه', 28, 393, NULL, NULL),
(1144, 'ساوه', 28, 393, NULL, NULL),
(1145, 'غرق آباد', 28, 393, NULL, NULL),
(1146, 'نوبران', 28, 393, NULL, NULL),
(1147, 'آستانه', 28, 394, NULL, NULL),
(1148, 'توره', 28, 394, NULL, NULL),
(1149, 'شازند', 28, 394, NULL, NULL),
(1150, 'شهباز', 28, 394, NULL, NULL),
(1151, 'مهاجران', 28, 394, NULL, NULL),
(1152, 'هندودر', 28, 394, NULL, NULL),
(1153, 'خنجین', 28, 395, NULL, NULL),
(1154, 'فرمهین', 28, 395, NULL, NULL),
(1155, 'کمیجان', 28, 396, NULL, NULL),
(1156, 'میلاجرد', 28, 396, NULL, NULL),
(1157, 'محلات', 28, 397, NULL, NULL),
(1158, 'نیمور', 28, 397, NULL, NULL),
(1159, 'ابوموسی', 29, 398, NULL, NULL),
(1160, 'بستک', 29, 399, NULL, NULL),
(1161, 'جناح', 29, 399, NULL, NULL),
(1162, 'سردشت', 29, 400, NULL, NULL),
(1163, 'گوهران', 29, 400, NULL, NULL),
(1164, 'بندرعباس', 29, 401, NULL, NULL),
(1165, 'تازیان پایین', 29, 401, NULL, NULL),
(1166, 'تخت', 29, 401, NULL, NULL),
(1167, 'فین', 29, 401, NULL, NULL),
(1168, 'قلعه قاضی', 29, 401, NULL, NULL),
(1169, 'بندرلنگه', 29, 402, NULL, NULL),
(1170, 'چارک', 29, 402, NULL, NULL),
(1171, 'کنگ', 29, 402, NULL, NULL),
(1172, 'کیش', 29, 402, NULL, NULL),
(1173, 'لمزان', 29, 402, NULL, NULL),
(1174, 'پارسیان', 29, 403, NULL, NULL),
(1175, 'دشتی', 29, 403, NULL, NULL),
(1176, 'کوشکنار', 29, 403, NULL, NULL),
(1177, 'بندرجاسک', 29, 404, NULL, NULL),
(1178, 'حاجی اباد', 29, 405, NULL, NULL),
(1179, 'سرگز', 29, 405, NULL, NULL),
(1180, 'فارغان', 29, 405, NULL, NULL),
(1181, 'خمیر', 29, 406, NULL, NULL),
(1182, 'رویدر', 29, 406, NULL, NULL),
(1183, 'بیکاء', 29, 407, NULL, NULL),
(1184, 'دهبارز', 29, 407, NULL, NULL),
(1185, 'زیارتعلی', 29, 407, NULL, NULL),
(1186, 'سیریک', 29, 408, NULL, NULL),
(1187, 'کوهستک', 29, 408, NULL, NULL),
(1188, 'گروک', 29, 408, NULL, NULL),
(1189, 'درگهان', 29, 409, NULL, NULL),
(1190, 'سوزا', 29, 409, NULL, NULL),
(1191, 'قشم', 29, 409, NULL, NULL),
(1192, 'هرمز', 29, 409, NULL, NULL),
(1193, 'تیرور', 29, 410, NULL, NULL),
(1194, 'سندرک', 29, 410, NULL, NULL),
(1195, 'میناب', 29, 410, NULL, NULL),
(1196, 'هشتبندی', 29, 410, NULL, NULL),
(1197, 'آجین', 30, 411, NULL, NULL),
(1198, 'اسدآباد', 30, 411, NULL, NULL),
(1199, 'بهار', 30, 412, NULL, NULL),
(1200, 'صالح آباد', 30, 412, NULL, NULL),
(1201, 'لالجین', 30, 412, NULL, NULL),
(1202, 'مهاجران', 30, 412, NULL, NULL),
(1203, 'تویسرکان', 30, 413, NULL, NULL),
(1204, 'سرکان', 30, 413, NULL, NULL),
(1205, 'فرسفج', 30, 413, NULL, NULL),
(1206, 'دمق', 30, 414, NULL, NULL),
(1207, 'رزن', 30, 414, NULL, NULL),
(1208, 'قروه درجزین', 30, 414, NULL, NULL),
(1209, 'فامنین', 30, 415, NULL, NULL),
(1210, 'شیرین سو', 30, 416, NULL, NULL),
(1211, 'کبودرآهنگ', 30, 416, NULL, NULL),
(1212, 'گل تپه', 30, 416, NULL, NULL),
(1213, 'ازندریان', 30, 417, NULL, NULL),
(1214, 'جوکار', 30, 417, NULL, NULL),
(1215, 'زنگنه', 30, 417, NULL, NULL),
(1216, 'سامن', 30, 417, NULL, NULL),
(1217, 'ملایر', 30, 417, NULL, NULL),
(1218, 'برزول', 30, 418, NULL, NULL),
(1219, 'فیروزان', 30, 418, NULL, NULL),
(1220, 'گیان', 30, 418, NULL, NULL),
(1221, 'نهاوند', 30, 418, NULL, NULL),
(1222, 'جورقان', 30, 419, NULL, NULL),
(1223, 'قهاوند', 30, 419, NULL, NULL),
(1224, 'مریانج', 30, 419, NULL, NULL),
(1225, 'همدان', 30, 419, NULL, NULL),
(1226, 'ابرکوه', 31, 420, NULL, NULL),
(1227, 'مهردشت', 31, 420, NULL, NULL),
(1228, 'احمدآباد', 31, 421, NULL, NULL),
(1229, 'اردکان', 31, 421, NULL, NULL),
(1230, 'عقدا', 31, 421, NULL, NULL),
(1231, 'اشکذر', 31, 422, NULL, NULL),
(1232, 'خضرآباد', 31, 422, NULL, NULL),
(1233, 'بافق', 31, 423, NULL, NULL),
(1234, 'بهاباد', 31, 424, NULL, NULL),
(1235, 'تفت', 31, 425, NULL, NULL),
(1236, 'نیر', 31, 425, NULL, NULL),
(1237, 'مروست', 31, 426, NULL, NULL),
(1238, 'هرات', 31, 426, NULL, NULL),
(1239, 'مهریز', 31, 427, NULL, NULL),
(1240, 'بفروییه', 31, 428, NULL, NULL),
(1241, 'میبد', 31, 428, NULL, NULL),
(1242, 'ندوشن', 31, 428, NULL, NULL),
(1243, 'حمیدیا', 31, 429, NULL, NULL),
(1244, 'زارچ', 31, 429, NULL, NULL),
(1245, 'شاهدیه', 31, 429, NULL, NULL),
(1246, 'یزد', 31, 429, NULL, NULL);

-- --------------------------------------------------------

--
-- Table structure for table `contact_us`
--

CREATE TABLE `contact_us` (
  `id` bigint(20) UNSIGNED NOT NULL,
  `full_name` varchar(150) COLLATE utf8mb4_unicode_ci NOT NULL,
  `email` varchar(150) COLLATE utf8mb4_unicode_ci NOT NULL,
  `subject` varchar(150) COLLATE utf8mb4_unicode_ci NOT NULL,
  `description` text COLLATE utf8mb4_unicode_ci NOT NULL,
  `tracking_no` varchar(8) COLLATE utf8mb4_unicode_ci NOT NULL,
  `opened_at` datetime NOT NULL,
  `created_at` timestamp NULL DEFAULT NULL,
  `updated_at` timestamp NULL DEFAULT NULL
) ENGINE=InnoDB DEFAULT CHARSET=utf8mb4 COLLATE=utf8mb4_unicode_ci;

-- --------------------------------------------------------

--
-- Table structure for table `counties`
--

CREATE TABLE `counties` (
  `id` smallint(5) UNSIGNED NOT NULL,
  `name` varchar(50) COLLATE utf8mb4_unicode_ci NOT NULL,
  `province_id` smallint(5) UNSIGNED NOT NULL,
  `created_at` timestamp NULL DEFAULT NULL,
  `updated_at` timestamp NULL DEFAULT NULL
) ENGINE=InnoDB DEFAULT CHARSET=utf8mb4 COLLATE=utf8mb4_unicode_ci;

--
-- Dumping data for table `counties`
--

INSERT INTO `counties` (`id`, `name`, `province_id`, `created_at`, `updated_at`) VALUES
(1, 'آذرشهر', 1, NULL, NULL),
(2, 'اسکو', 1, NULL, NULL),
(3, 'اهر', 1, NULL, NULL),
(4, 'بستان آباد', 1, NULL, NULL),
(5, 'بناب', 1, NULL, NULL),
(6, 'تبریز', 1, NULL, NULL),
(7, 'جلفا', 1, NULL, NULL),
(8, 'چاراویماق', 1, NULL, NULL),
(9, 'خداآفرین', 1, NULL, NULL),
(10, 'سراب', 1, NULL, NULL),
(11, 'شبستر', 1, NULL, NULL),
(12, 'عجب شیر', 1, NULL, NULL),
(13, 'کلیبر', 1, NULL, NULL),
(14, 'مراغه', 1, NULL, NULL),
(15, 'مرند', 1, NULL, NULL),
(16, 'ملکان', 1, NULL, NULL),
(17, 'میانه', 1, NULL, NULL),
(18, 'ورزقان', 1, NULL, NULL),
(19, 'هریس', 1, NULL, NULL),
(20, 'هشترود', 1, NULL, NULL),
(21, 'ارومیه', 2, NULL, NULL),
(22, 'اشنویه', 2, NULL, NULL),
(23, 'بوکان', 2, NULL, NULL),
(24, 'پلدشت', 2, NULL, NULL),
(25, 'پیرانشهر', 2, NULL, NULL),
(26, 'تکاب', 2, NULL, NULL),
(27, 'چالدران', 2, NULL, NULL),
(28, 'چایپاره', 2, NULL, NULL),
(29, 'خوی', 2, NULL, NULL),
(30, 'سردشت', 2, NULL, NULL),
(31, 'سلماس', 2, NULL, NULL),
(32, 'شاهین دژ', 2, NULL, NULL),
(33, 'شوط', 2, NULL, NULL),
(34, 'ماکو', 2, NULL, NULL),
(35, 'مهاباد', 2, NULL, NULL),
(36, 'میاندوآب', 2, NULL, NULL),
(37, 'نقده', 2, NULL, NULL),
(38, 'اردبیل', 3, NULL, NULL),
(39, 'بیله سوار', 3, NULL, NULL),
(40, 'پارس آباد', 3, NULL, NULL),
(41, 'خلخال', 3, NULL, NULL),
(42, 'سرعین', 3, NULL, NULL),
(43, 'کوثر', 3, NULL, NULL),
(44, 'گرمی', 3, NULL, NULL),
(45, 'مشگین شهر', 3, NULL, NULL),
(46, 'نمین', 3, NULL, NULL),
(47, 'نیر', 3, NULL, NULL),
(48, 'آران وبیدگل', 4, NULL, NULL),
(49, 'اردستان', 4, NULL, NULL),
(50, 'اصفهان', 4, NULL, NULL),
(51, 'برخوار', 4, NULL, NULL),
(52, 'بو یین و میاندشت', 4, NULL, NULL),
(53, 'تیران وکرون', 4, NULL, NULL),
(54, 'چادگان', 4, NULL, NULL),
(55, 'خمینی شهر', 4, NULL, NULL),
(56, 'خوانسار', 4, NULL, NULL),
(57, 'خور و بیابانک', 4, NULL, NULL),
(58, 'دهاقان', 4, NULL, NULL),
(59, 'سمیرم', 4, NULL, NULL),
(60, 'شاهین شهرومیمه', 4, NULL, NULL),
(61, 'شهرضا', 4, NULL, NULL),
(62, 'فریدن', 4, NULL, NULL),
(63, 'فریدونشهر', 4, NULL, NULL),
(64, 'فلاورجان', 4, NULL, NULL),
(65, 'کاشان', 4, NULL, NULL),
(66, 'گلپایگان', 4, NULL, NULL),
(67, 'لنجان', 4, NULL, NULL),
(68, 'مبارکه', 4, NULL, NULL),
(69, 'نایین', 4, NULL, NULL),
(70, 'نجف آباد', 4, NULL, NULL),
(71, 'نطنز', 4, NULL, NULL),
(72, 'اشتهارد', 5, NULL, NULL),
(73, 'ساوجبلاغ', 5, NULL, NULL),
(74, 'طالقان', 5, NULL, NULL),
(75, 'فردیس', 5, NULL, NULL),
(76, 'کرج', 5, NULL, NULL),
(77, 'نظرآباد', 5, NULL, NULL),
(78, 'آبدانان', 6, NULL, NULL),
(79, 'ایلام', 6, NULL, NULL),
(80, 'ایوان', 6, NULL, NULL),
(81, 'بدره', 6, NULL, NULL),
(82, 'چرداول', 6, NULL, NULL),
(83, 'دره شهر', 6, NULL, NULL),
(84, 'دهلران', 6, NULL, NULL),
(85, 'سیروان', 6, NULL, NULL),
(86, 'ملکشاهی', 6, NULL, NULL),
(87, 'مهران', 6, NULL, NULL),
(88, 'بوشهر', 7, NULL, NULL),
(89, 'تنگستان', 7, NULL, NULL),
(90, 'جم', 7, NULL, NULL),
(91, 'دشتستان', 7, NULL, NULL),
(92, 'دشتی', 7, NULL, NULL),
(93, 'دیر', 7, NULL, NULL),
(94, 'دیلم', 7, NULL, NULL),
(95, 'عسلویه', 7, NULL, NULL),
(96, 'کنگان', 7, NULL, NULL),
(97, 'گناوه', 7, NULL, NULL),
(98, 'اسلامشهر', 8, NULL, NULL),
(99, 'بهارستان', 8, NULL, NULL),
(100, 'پاکدشت', 8, NULL, NULL),
(101, 'پردیس', 8, NULL, NULL),
(102, 'پیشوا', 8, NULL, NULL),
(103, 'تهران', 8, NULL, NULL),
(104, 'دماوند', 8, NULL, NULL),
(105, 'رباطکریم', 8, NULL, NULL),
(106, 'ری', 8, NULL, NULL),
(107, 'شمیرانات', 8, NULL, NULL),
(108, 'شهریار', 8, NULL, NULL),
(109, 'فیروزکوه', 8, NULL, NULL),
(110, 'قدس', 8, NULL, NULL),
(111, 'قرچک', 8, NULL, NULL),
(112, 'ملارد', 8, NULL, NULL),
(113, 'ورامین', 8, NULL, NULL),
(114, 'اردل', 9, NULL, NULL),
(115, 'بروجن', 9, NULL, NULL),
(116, 'بن', 9, NULL, NULL),
(117, 'سامان', 9, NULL, NULL),
(118, 'شهرکرد', 9, NULL, NULL),
(119, 'فارسان', 9, NULL, NULL),
(120, 'کوهرنگ', 9, NULL, NULL),
(121, 'کیار', 9, NULL, NULL),
(122, 'لردگان', 9, NULL, NULL),
(123, 'بشرویه', 10, NULL, NULL),
(124, 'بیرجند', 10, NULL, NULL),
(125, 'خوسف', 10, NULL, NULL),
(126, 'درمیان', 10, NULL, NULL),
(127, 'زیرکوه', 10, NULL, NULL),
(128, 'سرایان', 10, NULL, NULL),
(129, 'سربیشه', 10, NULL, NULL),
(130, 'طبس', 10, NULL, NULL),
(131, 'فردوس', 10, NULL, NULL),
(132, 'قاینات', 10, NULL, NULL),
(133, 'نهبندان', 10, NULL, NULL),
(134, 'باخرز', 11, NULL, NULL),
(135, 'بجستان', 11, NULL, NULL),
(136, 'بردسکن', 11, NULL, NULL),
(137, 'بینالود', 11, NULL, NULL),
(138, 'تایباد', 11, NULL, NULL),
(139, 'تربت جام', 11, NULL, NULL),
(140, 'تربت حیدریه', 11, NULL, NULL),
(141, 'جغتای', 11, NULL, NULL),
(142, 'جوین', 11, NULL, NULL),
(143, 'چناران', 11, NULL, NULL),
(144, 'خلیل آباد', 11, NULL, NULL),
(145, 'خواف', 11, NULL, NULL),
(146, 'خوشاب', 11, NULL, NULL),
(147, 'داورزن', 11, NULL, NULL),
(148, 'درگز', 11, NULL, NULL),
(149, 'رشتخوار', 11, NULL, NULL),
(150, 'زاوه', 11, NULL, NULL),
(151, 'سبزوار', 11, NULL, NULL),
(152, 'سرخس', 11, NULL, NULL),
(153, 'فریمان', 11, NULL, NULL),
(154, 'فیروزه', 11, NULL, NULL),
(155, 'قوچان', 11, NULL, NULL),
(156, 'کاشمر', 11, NULL, NULL),
(157, 'کلات', 11, NULL, NULL),
(158, 'گناباد', 11, NULL, NULL),
(159, 'مشهد', 11, NULL, NULL),
(160, 'مه ولات', 11, NULL, NULL),
(161, 'نیشابور', 11, NULL, NULL),
(162, 'اسفراین', 12, NULL, NULL),
(163, 'بجنورد', 12, NULL, NULL),
(164, 'جاجرم', 12, NULL, NULL),
(165, 'راز و جرگلان', 12, NULL, NULL),
(166, 'شیروان', 12, NULL, NULL),
(167, 'فاروج', 12, NULL, NULL),
(168, 'گرمه', 12, NULL, NULL),
(169, 'مانه وسملقان', 12, NULL, NULL),
(170, 'آبادان', 13, NULL, NULL),
(171, 'آغاجاری', 13, NULL, NULL),
(172, 'امیدیه', 13, NULL, NULL),
(173, 'اندیکا', 13, NULL, NULL),
(174, 'اندیمشک', 13, NULL, NULL),
(175, 'اهواز', 13, NULL, NULL),
(176, 'ایذه', 13, NULL, NULL),
(177, 'باغ ملک', 13, NULL, NULL),
(178, 'باوی', 13, NULL, NULL),
(179, 'بندرماهشهر', 13, NULL, NULL),
(180, 'بهبهان', 13, NULL, NULL),
(181, 'حمیدیه', 13, NULL, NULL),
(182, 'خرمشهر', 13, NULL, NULL),
(183, 'دزفول', 13, NULL, NULL),
(184, 'دشت آزادگان', 13, NULL, NULL),
(185, 'رامشیر', 13, NULL, NULL),
(186, 'رامهرمز', 13, NULL, NULL),
(187, 'شادگان', 13, NULL, NULL),
(188, 'شوش', 13, NULL, NULL),
(189, 'شوشتر', 13, NULL, NULL),
(190, 'کارون', 13, NULL, NULL),
(191, 'گتوند', 13, NULL, NULL),
(192, 'لالی', 13, NULL, NULL),
(193, 'مسجدسلیمان', 13, NULL, NULL),
(194, 'هفتگل', 13, NULL, NULL),
(195, 'هندیجان', 13, NULL, NULL),
(196, 'هویزه', 13, NULL, NULL),
(197, 'ابهر', 14, NULL, NULL),
(198, 'ایجرود', 14, NULL, NULL),
(199, 'خدابنده', 14, NULL, NULL),
(200, 'خرمدره', 14, NULL, NULL),
(201, 'زنجان', 14, NULL, NULL),
(202, 'سلطانیه', 14, NULL, NULL),
(203, 'طارم', 14, NULL, NULL),
(204, 'ماهنشان', 14, NULL, NULL),
(205, 'آرادان', 15, NULL, NULL),
(206, 'دامغان', 15, NULL, NULL),
(207, 'سرخه', 15, NULL, NULL),
(208, 'سمنان', 15, NULL, NULL),
(209, 'شاهرود', 15, NULL, NULL),
(210, 'گرمسار', 15, NULL, NULL),
(211, 'مهدی شهر', 15, NULL, NULL),
(212, 'میامی', 15, NULL, NULL),
(213, 'ایرانشهر', 16, NULL, NULL),
(214, 'چابهار', 16, NULL, NULL),
(215, 'خاش', 16, NULL, NULL),
(216, 'دلگان', 16, NULL, NULL),
(217, 'زابل', 16, NULL, NULL),
(218, 'زاهدان', 16, NULL, NULL),
(219, 'زهک', 16, NULL, NULL),
(220, 'سراوان', 16, NULL, NULL),
(221, 'سرباز', 16, NULL, NULL),
(222, 'سیب و سوران', 16, NULL, NULL),
(223, 'فنوج', 16, NULL, NULL),
(224, 'قصرقند', 16, NULL, NULL),
(225, 'کنارک', 16, NULL, NULL),
(226, 'مهرستان', 16, NULL, NULL),
(227, 'میرجاوه', 16, NULL, NULL),
(228, 'نیک شهر', 16, NULL, NULL),
(229, 'نیمروز', 16, NULL, NULL),
(230, 'هامون', 16, NULL, NULL),
(231, 'هیرمند', 16, NULL, NULL),
(232, 'آباده', 17, NULL, NULL),
(233, 'ارسنجان', 17, NULL, NULL),
(234, 'استهبان', 17, NULL, NULL),
(235, 'اقلید', 17, NULL, NULL),
(236, 'بوانات', 17, NULL, NULL),
(237, 'پاسارگاد', 17, NULL, NULL),
(238, 'جهرم', 17, NULL, NULL),
(239, 'خرامه', 17, NULL, NULL),
(240, 'خرم بید', 17, NULL, NULL),
(241, 'خنج', 17, NULL, NULL),
(242, 'داراب', 17, NULL, NULL),
(243, 'رستم', 17, NULL, NULL),
(244, 'زرین دشت', 17, NULL, NULL),
(245, 'سپیدان', 17, NULL, NULL),
(246, 'سروستان', 17, NULL, NULL),
(247, 'شیراز', 17, NULL, NULL),
(248, 'فراشبند', 17, NULL, NULL),
(249, 'فسا', 17, NULL, NULL),
(250, 'فیروزآباد', 17, NULL, NULL),
(251, 'قیروکارزین', 17, NULL, NULL),
(252, 'کازرون', 17, NULL, NULL),
(253, 'کوار', 17, NULL, NULL),
(254, 'گراش', 17, NULL, NULL),
(255, 'لارستان', 17, NULL, NULL),
(256, 'لامرد', 17, NULL, NULL),
(257, 'مرودشت', 17, NULL, NULL),
(258, 'ممسنی', 17, NULL, NULL),
(259, 'مهر', 17, NULL, NULL),
(260, 'نی ریز', 17, NULL, NULL),
(261, 'آبیک', 18, NULL, NULL),
(262, 'آوج', 18, NULL, NULL),
(263, 'البرز', 18, NULL, NULL),
(264, 'بویین زهرا', 18, NULL, NULL),
(265, 'تاکستان', 18, NULL, NULL),
(266, 'قزوین', 18, NULL, NULL),
(267, 'قم', 19, NULL, NULL),
(268, 'بانه', 20, NULL, NULL),
(269, 'بیجار', 20, NULL, NULL),
(270, 'دهگلان', 20, NULL, NULL),
(271, 'دیواندره', 20, NULL, NULL),
(272, 'سروآباد', 20, NULL, NULL),
(273, 'سقز', 20, NULL, NULL),
(274, 'سنندج', 20, NULL, NULL),
(275, 'قروه', 20, NULL, NULL),
(276, 'کامیاران', 20, NULL, NULL),
(277, 'مریوان', 20, NULL, NULL),
(278, 'ارزوییه', 21, NULL, NULL),
(279, 'انار', 21, NULL, NULL),
(280, 'بافت', 21, NULL, NULL),
(281, 'بردسیر', 21, NULL, NULL),
(282, 'بم', 21, NULL, NULL),
(283, 'جیرفت', 21, NULL, NULL),
(284, 'رابر', 21, NULL, NULL),
(285, 'راور', 21, NULL, NULL),
(286, 'رفسنجان', 21, NULL, NULL),
(287, 'رودبارجنوب', 21, NULL, NULL),
(288, 'ریگان', 21, NULL, NULL),
(289, 'زرند', 21, NULL, NULL),
(290, 'سیرجان', 21, NULL, NULL),
(291, 'شهربابک', 21, NULL, NULL),
(292, 'عنبرآباد', 21, NULL, NULL),
(293, 'فاریاب', 21, NULL, NULL),
(294, 'فهرج', 21, NULL, NULL),
(295, 'قلعه گنج', 21, NULL, NULL),
(296, 'کرمان', 21, NULL, NULL),
(297, 'کوهبنان', 21, NULL, NULL),
(298, 'کهنوج', 21, NULL, NULL),
(299, 'منوجان', 21, NULL, NULL),
(300, 'نرماشیر', 21, NULL, NULL),
(301, 'اسلام آبادغرب', 22, NULL, NULL),
(302, 'پاوه', 22, NULL, NULL),
(303, 'ثلاث باباجانی', 22, NULL, NULL),
(304, 'جوانرود', 22, NULL, NULL),
(305, 'دالاهو', 22, NULL, NULL),
(306, 'روانسر', 22, NULL, NULL),
(307, 'سرپل ذهاب', 22, NULL, NULL),
(308, 'سنقر', 22, NULL, NULL),
(309, 'صحنه', 22, NULL, NULL),
(310, 'قصرشیرین', 22, NULL, NULL),
(311, 'کرمانشاه', 22, NULL, NULL),
(312, 'کنگاور', 22, NULL, NULL),
(313, 'گیلانغرب', 22, NULL, NULL),
(314, 'هرسین', 22, NULL, NULL),
(315, 'باشت', 23, NULL, NULL),
(316, 'بویراحمد', 23, NULL, NULL),
(317, 'بهمیی', 23, NULL, NULL),
(318, 'چرام', 23, NULL, NULL),
(319, 'دنا', 23, NULL, NULL),
(320, 'کهگیلویه', 23, NULL, NULL),
(321, 'گچساران', 23, NULL, NULL),
(322, 'لنده', 23, NULL, NULL),
(323, 'آزادشهر', 24, NULL, NULL),
(324, 'آق قلا', 24, NULL, NULL),
(325, 'بندرگز', 24, NULL, NULL),
(326, 'ترکمن', 24, NULL, NULL),
(327, 'رامیان', 24, NULL, NULL),
(328, 'علی آباد', 24, NULL, NULL),
(329, 'کردکوی', 24, NULL, NULL),
(330, 'کلاله', 24, NULL, NULL),
(331, 'گالیکش', 24, NULL, NULL),
(332, 'گرگان', 24, NULL, NULL),
(333, 'گمیشان', 24, NULL, NULL),
(334, 'گنبدکاووس', 24, NULL, NULL),
(335, 'مراوه تپه', 24, NULL, NULL),
(336, 'مینودشت', 24, NULL, NULL),
(337, 'آستارا', 25, NULL, NULL),
(338, 'آستانه اشرفیه', 25, NULL, NULL),
(339, 'املش', 25, NULL, NULL),
(340, 'بندرانزلی', 25, NULL, NULL),
(341, 'رشت', 25, NULL, NULL),
(342, 'رضوانشهر', 25, NULL, NULL),
(343, 'رودبار', 25, NULL, NULL),
(344, 'رودسر', 25, NULL, NULL),
(345, 'سیاهکل', 25, NULL, NULL),
(346, 'شفت', 25, NULL, NULL),
(347, 'صومعه سرا', 25, NULL, NULL),
(348, 'طوالش', 25, NULL, NULL),
(349, 'فومن', 25, NULL, NULL),
(350, 'لاهیجان', 25, NULL, NULL),
(351, 'لنگرود', 25, NULL, NULL),
(352, 'ماسال', 25, NULL, NULL),
(353, 'ازنا', 26, NULL, NULL),
(354, 'الیگودرز', 26, NULL, NULL),
(355, 'بروجرد', 26, NULL, NULL),
(356, 'پلدختر', 26, NULL, NULL),
(357, 'خرم آباد', 26, NULL, NULL),
(358, 'دلفان', 26, NULL, NULL),
(359, 'دورود', 26, NULL, NULL),
(360, 'دوره', 26, NULL, NULL),
(361, 'رومشکان', 26, NULL, NULL),
(362, 'سلسله', 26, NULL, NULL),
(363, 'کوهدشت', 26, NULL, NULL),
(364, 'آمل', 27, NULL, NULL),
(365, 'بابل', 27, NULL, NULL),
(366, 'بابلسر', 27, NULL, NULL),
(367, 'بهشهر', 27, NULL, NULL),
(368, 'تنکابن', 27, NULL, NULL),
(369, 'جویبار', 27, NULL, NULL),
(370, 'چالوس', 27, NULL, NULL),
(371, 'رامسر', 27, NULL, NULL),
(372, 'ساری', 27, NULL, NULL),
(373, 'سوادکوه', 27, NULL, NULL),
(374, 'سوادکوه شمالی', 27, NULL, NULL),
(375, 'سیمرغ', 27, NULL, NULL),
(376, 'عباس آباد', 27, NULL, NULL),
(377, 'فریدونکنار', 27, NULL, NULL),
(378, 'قایم شهر', 27, NULL, NULL),
(379, 'کلاردشت', 27, NULL, NULL),
(380, 'گلوگاه', 27, NULL, NULL),
(381, 'محمودآباد', 27, NULL, NULL),
(382, 'میاندورود', 27, NULL, NULL),
(383, 'نکا', 27, NULL, NULL),
(384, 'نور', 27, NULL, NULL),
(385, 'نوشهر', 27, NULL, NULL),
(386, 'آشتیان', 28, NULL, NULL),
(387, 'اراک', 28, NULL, NULL),
(388, 'تفرش', 28, NULL, NULL),
(389, 'خمین', 28, NULL, NULL),
(390, 'خنداب', 28, NULL, NULL),
(391, 'دلیجان', 28, NULL, NULL),
(392, 'زرندیه', 28, NULL, NULL),
(393, 'ساوه', 28, NULL, NULL),
(394, 'شازند', 28, NULL, NULL),
(395, 'فراهان', 28, NULL, NULL),
(396, 'کمیجان', 28, NULL, NULL),
(397, 'محلات', 28, NULL, NULL),
(398, 'ابوموسی', 29, NULL, NULL),
(399, 'بستک', 29, NULL, NULL),
(400, 'بشاگرد', 29, NULL, NULL),
(401, 'بندرعباس', 29, NULL, NULL),
(402, 'بندرلنگه', 29, NULL, NULL),
(403, 'پارسیان', 29, NULL, NULL),
(404, 'جاسک', 29, NULL, NULL),
(405, 'حاجی اباد', 29, NULL, NULL),
(406, 'خمیر', 29, NULL, NULL),
(407, 'رودان', 29, NULL, NULL),
(408, 'سیریک', 29, NULL, NULL),
(409, 'قشم', 29, NULL, NULL),
(410, 'میناب', 29, NULL, NULL),
(411, 'اسدآباد', 30, NULL, NULL),
(412, 'بهار', 30, NULL, NULL),
(413, 'تویسرکان', 30, NULL, NULL),
(414, 'رزن', 30, NULL, NULL),
(415, 'فامنین', 30, NULL, NULL),
(416, 'کبودرآهنگ', 30, NULL, NULL),
(417, 'ملایر', 30, NULL, NULL),
(418, 'نهاوند', 30, NULL, NULL),
(419, 'همدان', 30, NULL, NULL),
(420, 'ابرکوه', 31, NULL, NULL),
(421, 'اردکان', 31, NULL, NULL),
(422, 'اشکذر', 31, NULL, NULL),
(423, 'بافق', 31, NULL, NULL),
(424, 'بهاباد', 31, NULL, NULL),
(425, 'تفت', 31, NULL, NULL),
(426, 'خاتم', 31, NULL, NULL),
(427, 'مهریز', 31, NULL, NULL),
(428, 'میبد', 31, NULL, NULL),
(429, 'یزد', 31, NULL, NULL);

-- --------------------------------------------------------

--
-- Table structure for table `discounts`
--

CREATE TABLE `discounts` (
  `id` bigint(20) UNSIGNED NOT NULL,
  `code` varchar(15) COLLATE utf8mb4_unicode_ci NOT NULL,
  `type` enum('PERCENT','CASH') COLLATE utf8mb4_unicode_ci NOT NULL DEFAULT 'PERCENT',
  `value` decimal(15,0) NOT NULL,
  `maximum_value` decimal(15,0) NOT NULL,
  `expire_date` date NOT NULL,
  `count` int(10) UNSIGNED NOT NULL,
  `used_number` int(10) UNSIGNED NOT NULL DEFAULT '0',
  `created_at` timestamp NULL DEFAULT NULL,
  `updated_at` timestamp NULL DEFAULT NULL
) ENGINE=InnoDB DEFAULT CHARSET=utf8mb4 COLLATE=utf8mb4_unicode_ci;

--
-- Dumping data for table `discounts`
--

INSERT INTO `discounts` (`id`, `code`, `type`, `value`, `maximum_value`, `expire_date`, `count`, `used_number`, `created_at`, `updated_at`) VALUES
(1, 'گل نسرین کد', 'PERCENT', '5', '5000', '2021-07-29', 33, 0, '2021-07-22 09:00:46', '2021-07-22 09:00:46'),
(2, 'افرا کد', 'CASH', '50000', '50000', '2021-07-29', 30, 0, '2021-07-22 09:00:46', '2021-07-22 09:00:46'),
(3, 'مهسو کد', 'CASH', '50000', '50000', '2021-08-15', 37, 0, '2021-07-22 09:00:46', '2021-07-22 09:00:46'),
(4, 'بهرخ کد', 'PERCENT', '5', '20000', '2021-08-02', 25, 0, '2021-07-22 09:00:46', '2021-07-22 09:00:46'),
(5, 'فردوس کد', 'CASH', '5000', '5000', '2021-07-30', 40, 0, '2021-07-22 09:00:46', '2021-07-22 09:00:46'),
(6, 'آندیا کد', 'CASH', '45000', '45000', '2021-07-29', 45, 0, '2021-07-22 09:00:46', '2021-07-22 09:00:46'),
(7, 'ویشتاسب کد', 'PERCENT', '5', '25000', '2021-07-25', 39, 0, '2021-07-22 09:00:46', '2021-07-22 09:00:46'),
(8, 'نیوزاد کد', 'CASH', '2000', '2000', '2021-07-31', 33, 0, '2021-07-22 09:00:46', '2021-07-22 09:00:46'),
(9, 'بها کد', 'PERCENT', '5', '25000', '2021-08-01', 38, 0, '2021-07-22 09:00:46', '2021-07-22 09:00:46'),
(10, 'زری کد', 'PERCENT', '10', '20000', '2021-08-05', 28, 0, '2021-07-22 09:00:46', '2021-07-22 09:00:46'),
(11, 'آلیش کد', 'PERCENT', '5', '10000', '2021-08-05', 45, 0, '2021-07-22 09:00:46', '2021-07-22 09:00:46'),
(12, 'کیان دخت کد', 'CASH', '10000', '10000', '2021-08-11', 45, 0, '2021-07-22 09:00:46', '2021-07-22 09:00:46'),
(13, 'شمسا کد', 'PERCENT', '5', '20000', '2021-08-01', 31, 0, '2021-07-22 09:00:47', '2021-07-22 09:00:47'),
(14, 'سزانه کد', 'CASH', '5000', '5000', '2021-08-19', 45, 0, '2021-07-22 09:00:47', '2021-07-22 09:00:47'),
(15, 'آراد کد', 'PERCENT', '50', '2000', '2021-08-10', 40, 0, '2021-07-22 09:00:47', '2021-07-22 09:00:47'),
(16, 'وُریا کد', 'PERCENT', '50', '50000', '2021-08-14', 32, 0, '2021-07-22 09:00:47', '2021-07-22 09:00:47'),
(17, 'حنا کد', 'CASH', '2000', '2000', '2021-08-17', 31, 0, '2021-07-22 09:00:47', '2021-07-22 09:00:47'),
(18, 'شهروز کد', 'CASH', '5000', '5000', '2021-08-03', 41, 0, '2021-07-22 09:00:47', '2021-07-22 09:00:47'),
(19, 'واله کد', 'CASH', '50000', '50000', '2021-07-28', 44, 0, '2021-07-22 09:00:47', '2021-07-22 09:00:47'),
(20, 'زاهد کد', 'CASH', '2000', '2000', '2021-08-11', 27, 0, '2021-07-22 09:00:47', '2021-07-22 09:00:47'),
(21, 'هارون کد', 'PERCENT', '50', '2000', '2021-08-17', 42, 0, '2021-07-22 09:00:47', '2021-07-22 09:00:47'),
(22, 'پرشه کد', 'PERCENT', '5', '2000', '2021-08-18', 45, 0, '2021-07-22 09:00:47', '2021-07-22 09:00:47'),
(23, 'دارا کد', 'PERCENT', '5', '20000', '2021-08-01', 45, 0, '2021-07-22 09:00:47', '2021-07-22 09:00:47'),
(24, 'فرهد کد', 'PERCENT', '10', '50000', '2021-07-29', 31, 0, '2021-07-22 09:00:47', '2021-07-22 09:00:47'),
(25, 'میچکا کد', 'CASH', '5000', '5000', '2021-08-10', 42, 0, '2021-07-22 09:00:47', '2021-07-22 09:00:47');

-- --------------------------------------------------------

--
-- Table structure for table `failed_jobs`
--

CREATE TABLE `failed_jobs` (
  `id` bigint(20) UNSIGNED NOT NULL,
  `uuid` varchar(191) COLLATE utf8mb4_unicode_ci NOT NULL,
  `connection` text COLLATE utf8mb4_unicode_ci NOT NULL,
  `queue` text COLLATE utf8mb4_unicode_ci NOT NULL,
  `payload` longtext COLLATE utf8mb4_unicode_ci NOT NULL,
  `exception` longtext COLLATE utf8mb4_unicode_ci NOT NULL,
  `failed_at` timestamp NOT NULL DEFAULT CURRENT_TIMESTAMP
) ENGINE=InnoDB DEFAULT CHARSET=utf8mb4 COLLATE=utf8mb4_unicode_ci;

-- --------------------------------------------------------

--
-- Table structure for table `file_banks`
--

CREATE TABLE `file_banks` (
  `id` bigint(20) UNSIGNED NOT NULL,
  `name` varchar(75) COLLATE utf8mb4_unicode_ci NOT NULL,
  `owner_type` varchar(191) COLLATE utf8mb4_unicode_ci NOT NULL,
  `owner_id` int(11) NOT NULL,
  `type` enum('IMAGE','SOUND','URL') COLLATE utf8mb4_unicode_ci NOT NULL,
  `is_saleable` tinyint(1) NOT NULL DEFAULT '0',
  `amount` decimal(15,0) NOT NULL DEFAULT '0',
  `description` text COLLATE utf8mb4_unicode_ci,
  `date` date NOT NULL,
  `sound` varchar(191) COLLATE utf8mb4_unicode_ci DEFAULT NULL,
  `image` varchar(191) COLLATE utf8mb4_unicode_ci DEFAULT NULL,
  `url` varchar(191) COLLATE utf8mb4_unicode_ci DEFAULT NULL,
  `created_at` timestamp NULL DEFAULT NULL,
  `updated_at` timestamp NULL DEFAULT NULL
) ENGINE=InnoDB DEFAULT CHARSET=utf8mb4 COLLATE=utf8mb4_unicode_ci;

--
-- Dumping data for table `file_banks`
--

INSERT INTO `file_banks` (`id`, `name`, `owner_type`, `owner_id`, `type`, `is_saleable`, `amount`, `description`, `date`, `sound`, `image`, `url`, `created_at`, `updated_at`) VALUES
(1, 'خیابان رجایی ساختمان ساینا', 'App\\Models\\Artist', 4, 'IMAGE', 0, '0', 'توضیحات... مازندران خیابان ابریشمی ساختمان ژاله قطعه 56 کد پستی 3384541842', '1988-02-07', NULL, 'public/faker/file_bank/7.jpg', NULL, '2021-07-22 09:00:36', '2021-07-22 09:00:36'),
(2, 'خیابان ابوذر ساختمان فرهود', 'App\\Models\\Artist', 39, 'IMAGE', 0, '0', 'توضیحات... استان همدان خیابان راوندی ساختمان راستینه قطعه 45 کد پستی 9145037031', '2016-03-22', NULL, 'public/faker/file_bank/3.jpg', NULL, '2021-07-22 09:00:36', '2021-07-22 09:00:36'),
(3, 'خیابان فارسی ساختمان اُرند', 'App\\Models\\Package', 8, 'IMAGE', 0, '0', 'توضیحات... استان لرستان خیابان کیان ساختمان سهی قطعه 59', '1978-08-01', NULL, 'public/faker/file_bank/4.jpg', NULL, '2021-07-22 09:00:37', '2021-07-22 09:00:37'),
(4, 'خیابان لاچینی ساختمان افروز پلاک 19', 'App\\Models\\Package', 5, 'IMAGE', 0, '0', 'توضیحات... کرمان خیابان شیدا ساختمان مهرانه قطعه 41 کد پستی 5225361720', '1993-04-09', NULL, 'public/faker/file_bank/6.jpg', NULL, '2021-07-22 09:00:37', '2021-07-22 09:00:37'),
(5, 'خیابان اعتماد ساختمان بامین', 'App\\Models\\Package', 4, 'IMAGE', 0, '0', 'توضیحات... قم خیابان طالب‌زاده ساختمان هامان قطعه 45 کد پستی 8411150022', '1982-05-13', NULL, 'public/faker/file_bank/9.jpg', NULL, '2021-07-22 09:00:37', '2021-07-22 09:00:37'),
(6, 'خیابان لنکرانی ساختمان طلایه', 'App\\Models\\Package', 9, 'IMAGE', 0, '0', 'توضیحات... تهران خیابان آیت‌اللهی ساختمان نسترن قطعه 49', '1978-01-31', NULL, 'public/faker/file_bank/9.jpg', NULL, '2021-07-22 09:00:37', '2021-07-22 09:00:37'),
(7, 'خیابان صفوی ساختمان زریر', 'App\\Models\\Artist', 32, 'IMAGE', 0, '0', 'توضیحات... خراسان رضوی خیابان خسروپناه ساختمان کوهیار کد پستی 4406417730', '1984-07-14', NULL, 'public/faker/file_bank/6.jpg', NULL, '2021-07-22 09:00:37', '2021-07-22 09:00:37'),
(8, 'خیابان ابطحی ساختمان روشاک قطعه 93', 'App\\Models\\Artist', 25, 'IMAGE', 0, '0', 'توضیحات... استان سیستان و بلوچستان خیابان مصباح ساختمان بانویه قطعه 94 کد پستی 6739034356', '1986-03-13', NULL, 'public/faker/file_bank/8.jpg', NULL, '2021-07-22 09:00:37', '2021-07-22 09:00:37'),
(9, 'خیابان رسولی ساختمان آرتین قطعه 76', 'App\\Models\\Package', 11, 'IMAGE', 0, '0', 'توضیحات... استان سمنان خیابان مجاهد ساختمان گوهرشاد قطعه 29', '2009-01-18', NULL, 'public/faker/file_bank/6.jpg', NULL, '2021-07-22 09:00:37', '2021-07-22 09:00:37'),
(10, 'خیابان حجتی ساختمان آبان قطعه 53', 'App\\Models\\Package', 4, 'IMAGE', 0, '0', 'توضیحات... استان سیستان و بلوچستان خیابان ابریشمی ساختمان مرداس', '1987-03-10', NULL, 'public/faker/file_bank/4.jpg', NULL, '2021-07-22 09:00:37', '2021-07-22 09:00:37'),
(11, 'خیابان کامکار ساختمان گلپری', 'App\\Models\\Package', 2, 'IMAGE', 0, '0', 'توضیحات... استان اصفهان خیابان جهانبگلو ساختمان نیکزاد قطعه 91 کد پستی 8898011541', '1990-06-29', NULL, 'public/faker/file_bank/8.jpg', NULL, '2021-07-22 09:00:37', '2021-07-22 09:00:37'),
(12, 'خیابان مفتح ساختمان سودابه پلاک 27', 'App\\Models\\Artist', 40, 'IMAGE', 0, '0', 'توضیحات... زنجان خیابان جهانی ساختمان نوال کد پستی 0703642272', '2008-12-05', NULL, 'public/faker/file_bank/3.jpg', NULL, '2021-07-22 09:00:37', '2021-07-22 09:00:37'),
(13, 'خیابان گل ساختمان صدیقه', 'App\\Models\\Artist', 34, 'IMAGE', 0, '0', 'توضیحات... یزد خیابان نامور ساختمان فرامین پلاک 32', '2012-01-04', NULL, 'public/faker/file_bank/4.jpg', NULL, '2021-07-22 09:00:37', '2021-07-22 09:00:37'),
(14, 'خیابان دهقان ساختمان البرز', 'App\\Models\\Artist', 29, 'IMAGE', 0, '0', 'توضیحات... سمنان خیابان اعلم ساختمان یعقوب کد پستی 1918324775', '1996-10-12', NULL, 'public/faker/file_bank/9.jpg', NULL, '2021-07-22 09:00:37', '2021-07-22 09:00:37'),
(15, 'خیابان آختاچی ساختمان باسیم قطعه 74', 'App\\Models\\Artist', 36, 'IMAGE', 0, '0', 'توضیحات... استان یزد خیابان هراتی ساختمان نیواد کد پستی 7368021936', '2021-03-05', NULL, 'public/faker/file_bank/5.jpg', NULL, '2021-07-22 09:00:37', '2021-07-22 09:00:37'),
(16, 'خیابان ندوشن ساختمان رایکا', 'App\\Models\\Package', 2, 'IMAGE', 0, '0', 'توضیحات... قم خیابان واعظی ساختمان شهبال قطعه 30 کد پستی 8990555066', '2009-10-12', NULL, 'public/faker/file_bank/5.jpg', NULL, '2021-07-22 09:00:37', '2021-07-22 09:00:37'),
(17, 'خیابان قهرمانی ساختمان بنفشه', 'App\\Models\\Package', 10, 'IMAGE', 0, '0', 'توضیحات... استان کهگیلویه و بویراحمد خیابان رحماندوست ساختمان جلال قطعه 67 کد پستی 7013156020', '1977-09-19', NULL, 'public/faker/file_bank/1.jpg', NULL, '2021-07-22 09:00:37', '2021-07-22 09:00:37'),
(18, 'خیابان توکلیان ساختمان شمسی قطعه 43', 'App\\Models\\Package', 12, 'IMAGE', 0, '0', 'توضیحات... بوشهر خیابان محمدرضایی ساختمان ناژو', '1970-05-17', NULL, 'public/faker/file_bank/7.jpg', NULL, '2021-07-22 09:00:37', '2021-07-22 09:00:37'),
(19, 'خیابان ملکیان ساختمان پاساد پلاک 55', 'App\\Models\\Package', 20, 'IMAGE', 0, '0', 'توضیحات... استان بوشهر خیابان لاهوتی ساختمان ساتیار', '2002-04-06', NULL, 'public/faker/file_bank/3.jpg', NULL, '2021-07-22 09:00:37', '2021-07-22 09:00:37'),
(20, 'خیابان فرمانفرمائیان ساختمان پوریا', 'App\\Models\\Package', 13, 'IMAGE', 0, '0', 'توضیحات... استان آذربایجان شرقی خیابان آهنگر ساختمان روزچهر پلاک 76 کد پستی 0751506118', '1987-09-18', NULL, 'public/faker/file_bank/9.jpg', NULL, '2021-07-22 09:00:37', '2021-07-22 09:00:37'),
(21, 'خیابان محجوبی ساختمان رامینا', 'App\\Models\\Package', 18, 'IMAGE', 0, '0', 'توضیحات... قزوین خیابان موسویان ساختمان فروردین', '1999-05-30', NULL, 'public/faker/file_bank/5.jpg', NULL, '2021-07-22 09:00:37', '2021-07-22 09:00:37'),
(22, 'خیابان شریعتی ساختمان ساحل پلاک 86', 'App\\Models\\Package', 1, 'IMAGE', 0, '0', 'توضیحات... استان همدان خیابان فرهنگ ساختمان روشن قطعه 79', '1977-09-04', NULL, 'public/faker/file_bank/3.jpg', NULL, '2021-07-22 09:00:37', '2021-07-22 09:00:37'),
(23, 'خیابان مجتبایی ساختمان بارمان پلاک 39', 'App\\Models\\Artist', 31, 'IMAGE', 0, '0', 'توضیحات... خراسان رضوی خیابان رنگرز ساختمان آرتان پلاک 56 کد پستی 6418142384', '1972-02-27', NULL, 'public/faker/file_bank/1.jpg', NULL, '2021-07-22 09:00:37', '2021-07-22 09:00:37'),
(24, 'خیابان لنکرانی ساختمان آرا', 'App\\Models\\Package', 6, 'IMAGE', 0, '0', 'توضیحات... سمنان خیابان مستوفی ساختمان آذربُد', '1983-09-16', NULL, 'public/faker/file_bank/4.jpg', NULL, '2021-07-22 09:00:37', '2021-07-22 09:00:37'),
(25, 'خیابان ذاکری ساختمان توتک', 'App\\Models\\Package', 8, 'IMAGE', 0, '0', 'توضیحات... یزد خیابان داد ساختمان عرفان کد پستی 4698467069', '1987-10-12', NULL, 'public/faker/file_bank/2.jpg', NULL, '2021-07-22 09:00:37', '2021-07-22 09:00:37'),
(26, 'خیابان خداپناهی ساختمان نوشا', 'App\\Models\\Package', 8, 'IMAGE', 0, '0', 'توضیحات... زنجان خیابان آهی ساختمان کامیار قطعه 41', '1977-08-11', NULL, 'public/faker/file_bank/7.jpg', NULL, '2021-07-22 09:00:37', '2021-07-22 09:00:37'),
(27, 'خیابان روزبه ساختمان آفری پلاک 95', 'App\\Models\\Artist', 33, 'IMAGE', 0, '0', 'توضیحات... زنجان خیابان عالی ساختمان بلاش', '2003-01-05', NULL, 'public/faker/file_bank/4.jpg', NULL, '2021-07-22 09:00:37', '2021-07-22 09:00:37'),
(28, 'خیابان تبریزی ساختمان بانویه', 'App\\Models\\Artist', 20, 'IMAGE', 0, '0', 'توضیحات... استان ایلام خیابان اقلیما ساختمان سپهر پلاک 85', '2017-10-26', NULL, 'public/faker/file_bank/5.jpg', NULL, '2021-07-22 09:00:37', '2021-07-22 09:00:37'),
(29, 'خیابان موسویان ساختمان گیتا', 'App\\Models\\Package', 14, 'IMAGE', 0, '0', 'توضیحات... البرز خیابان ضرغامی ساختمان آتنا', '1977-05-05', NULL, 'public/faker/file_bank/6.jpg', NULL, '2021-07-22 09:00:37', '2021-07-22 09:00:37'),
(30, 'خیابان پیوندی ساختمان مژده', 'App\\Models\\Package', 20, 'IMAGE', 0, '0', 'توضیحات... گلستان خیابان دانایی‌فر ساختمان نغمه کد پستی 4049060628', '2003-02-08', NULL, 'public/faker/file_bank/5.jpg', NULL, '2021-07-22 09:00:37', '2021-07-22 09:00:37'),
(31, 'خیابان شبستری ساختمان مراد قطعه 70', 'App\\Models\\Artist', 32, 'IMAGE', 0, '0', 'توضیحات... گیلان خیابان سرشار ساختمان نورانگیز پلاک 35 کد پستی 6699802566', '1995-04-23', NULL, 'public/faker/file_bank/5.jpg', NULL, '2021-07-22 09:00:37', '2021-07-22 09:00:37'),
(32, 'خیابان اوستا ساختمان پروند پلاک 28', 'App\\Models\\Artist', 36, 'IMAGE', 0, '0', 'توضیحات... اصفهان خیابان کاملی ساختمان هما قطعه 92 کد پستی 9087947438', '1982-06-28', NULL, 'public/faker/file_bank/7.jpg', NULL, '2021-07-22 09:00:37', '2021-07-22 09:00:37'),
(33, 'خیابان باغچه‌بان ساختمان پورکار', 'App\\Models\\Package', 12, 'IMAGE', 0, '0', 'توضیحات... استان هرمزگان خیابان بیگی ساختمان جعفر', '2012-08-30', NULL, 'public/faker/file_bank/9.jpg', NULL, '2021-07-22 09:00:37', '2021-07-22 09:00:37'),
(34, 'خیابان ترکان ساختمان پویان قطعه 57', 'App\\Models\\Artist', 21, 'IMAGE', 0, '0', 'توضیحات... همدان خیابان مجتبوی ساختمان شادان پلاک 88', '1987-07-13', NULL, 'public/faker/file_bank/8.jpg', NULL, '2021-07-22 09:00:38', '2021-07-22 09:00:38'),
(35, 'خیابان فنی‌زاده ساختمان ساتراپ پلاک 69', 'App\\Models\\Artist', 36, 'IMAGE', 0, '0', 'توضیحات... استان خراسان جنوبی خیابان حسابی ساختمان ورجاوند پلاک 91 کد پستی 9546888002', '2019-02-12', NULL, 'public/faker/file_bank/8.jpg', NULL, '2021-07-22 09:00:38', '2021-07-22 09:00:38'),
(36, 'خیابان معارف ساختمان ارزین', 'App\\Models\\Package', 3, 'IMAGE', 0, '0', 'توضیحات... خوزستان خیابان محجوب ساختمان تیرداد پلاک 68', '1990-12-17', NULL, 'public/faker/file_bank/1.jpg', NULL, '2021-07-22 09:00:38', '2021-07-22 09:00:38'),
(37, 'خیابان داودی ساختمان گلمهر پلاک 71', 'App\\Models\\Artist', 33, 'IMAGE', 0, '0', 'توضیحات... همدان خیابان علی ساختمان پرستو قطعه 83 کد پستی 7648183387', '2020-12-07', NULL, 'public/faker/file_bank/3.jpg', NULL, '2021-07-22 09:00:38', '2021-07-22 09:00:38'),
(38, 'خیابان قانعی ساختمان شورت', 'App\\Models\\Artist', 10, 'IMAGE', 0, '0', 'توضیحات... آذربایجان شرقی خیابان تهرانی ساختمان شمسا کد پستی 8307995084', '1995-06-17', NULL, 'public/faker/file_bank/7.jpg', NULL, '2021-07-22 09:00:38', '2021-07-22 09:00:38'),
(39, 'خیابان بختیار ساختمان ایمان', 'App\\Models\\Artist', 17, 'IMAGE', 0, '0', 'توضیحات... استان مازندران خیابان همایون ساختمان مزدا کد پستی 5343501603', '1988-01-12', NULL, 'public/faker/file_bank/9.jpg', NULL, '2021-07-22 09:00:38', '2021-07-22 09:00:38'),
(40, 'خیابان باطنی ساختمان راهله قطعه 87', 'App\\Models\\Artist', 12, 'IMAGE', 0, '0', 'توضیحات... استان قم خیابان باستانی ساختمان ژامک قطعه 32', '1974-07-13', NULL, 'public/faker/file_bank/7.jpg', NULL, '2021-07-22 09:00:38', '2021-07-22 09:00:38'),
(41, 'خیابان اشراقی ساختمان ادریس', 'App\\Models\\Package', 1, 'IMAGE', 0, '0', 'توضیحات... یزد خیابان آریان‌پور ساختمان زری کد پستی 6805577738', '1977-10-13', NULL, 'public/faker/file_bank/5.jpg', NULL, '2021-07-22 09:00:38', '2021-07-22 09:00:38'),
(42, 'خیابان فاطمی ساختمان دینه', 'App\\Models\\Artist', 31, 'IMAGE', 0, '0', 'توضیحات... مازندران خیابان حبیبی ساختمان آرایه کد پستی 8081706204', '1994-04-26', NULL, 'public/faker/file_bank/5.jpg', NULL, '2021-07-22 09:00:38', '2021-07-22 09:00:38'),
(43, 'خیابان رسولی ساختمان اردشیر پلاک 12', 'App\\Models\\Package', 19, 'IMAGE', 0, '0', 'توضیحات... اصفهان خیابان نقیب‌زاده ساختمان مینا قطعه 76 کد پستی 2598876990', '2003-01-01', NULL, 'public/faker/file_bank/4.jpg', NULL, '2021-07-22 09:00:38', '2021-07-22 09:00:38'),
(44, 'خیابان اشتری ساختمان آیسان قطعه 94', 'App\\Models\\Package', 12, 'IMAGE', 0, '0', 'توضیحات... هرمزگان خیابان مجتبایی ساختمان ارشان', '2017-11-25', NULL, 'public/faker/file_bank/2.jpg', NULL, '2021-07-22 09:00:38', '2021-07-22 09:00:38'),
(45, 'خیابان رحماندوست ساختمان طهمورث پلاک 47', 'App\\Models\\Artist', 36, 'IMAGE', 0, '0', 'توضیحات... سیستان و بلوچستان خیابان فرهنگ ساختمان ارمیا قطعه 14', '1983-07-29', NULL, 'public/faker/file_bank/8.jpg', NULL, '2021-07-22 09:00:38', '2021-07-22 09:00:38'),
(46, 'خیابان نجفی ساختمان بهمنیار', 'App\\Models\\Package', 17, 'IMAGE', 0, '0', 'توضیحات... زنجان خیابان رنگرز ساختمان نیما قطعه 94 کد پستی 8426132725', '1981-01-02', NULL, 'public/faker/file_bank/6.jpg', NULL, '2021-07-22 09:00:38', '2021-07-22 09:00:38'),
(47, 'خیابان رسولی ساختمان آرا پلاک 25', 'App\\Models\\Package', 9, 'IMAGE', 0, '0', 'توضیحات... لرستان خیابان باغچه‌بان ساختمان زیور کد پستی 7532086683', '1983-01-26', NULL, 'public/faker/file_bank/6.jpg', NULL, '2021-07-22 09:00:38', '2021-07-22 09:00:38'),
(48, 'خیابان سلامت ساختمان ارشد', 'App\\Models\\Artist', 34, 'IMAGE', 0, '0', 'توضیحات... استان اصفهان خیابان عاشوری ساختمان رامدخت کد پستی 4874556161', '2014-09-24', NULL, 'public/faker/file_bank/7.jpg', NULL, '2021-07-22 09:00:38', '2021-07-22 09:00:38'),
(49, 'خیابان فروتن ساختمان داوود', 'App\\Models\\Artist', 38, 'IMAGE', 0, '0', 'توضیحات... خراسان جنوبی خیابان پناهی ساختمان منصور قطعه 48', '1997-10-29', NULL, 'public/faker/file_bank/7.jpg', NULL, '2021-07-22 09:00:38', '2021-07-22 09:00:38'),
(50, 'خیابان نوبخت ساختمان دنیاناز', 'App\\Models\\Artist', 1, 'IMAGE', 0, '0', 'توضیحات... هرمزگان خیابان کمالی ساختمان اُجای', '1973-10-04', NULL, 'public/faker/file_bank/5.jpg', NULL, '2021-07-22 09:00:38', '2021-07-22 09:00:38'),
(51, 'خیابان پیرحیاتی ساختمان شهرناز قطعه 30', 'App\\Models\\Artist', 29, 'IMAGE', 0, '0', 'توضیحات... اردبیل خیابان اعتماد ساختمان باران قطعه 48 کد پستی 6674643458', '1982-02-16', NULL, 'public/faker/file_bank/2.jpg', NULL, '2021-07-22 09:00:38', '2021-07-22 09:00:38'),
(52, 'خیابان جهانبگلو ساختمان شهباز قطعه 62', 'App\\Models\\Artist', 34, 'IMAGE', 0, '0', 'توضیحات... استان کردستان خیابان هاشمی ساختمان داتیس', '2004-12-08', NULL, 'public/faker/file_bank/8.jpg', NULL, '2021-07-22 09:00:38', '2021-07-22 09:00:38'),
(53, 'خیابان آختاچی ساختمان آلیش', 'App\\Models\\Package', 4, 'IMAGE', 0, '0', 'توضیحات... استان زنجان خیابان ارسباران ساختمان نوین پلاک 28 کد پستی 9424607205', '1987-12-20', NULL, 'public/faker/file_bank/7.jpg', NULL, '2021-07-22 09:00:38', '2021-07-22 09:00:38'),
(54, 'خیابان لنکرانی ساختمان عدیله', 'App\\Models\\Package', 15, 'IMAGE', 0, '0', 'توضیحات... استان بوشهر خیابان ادیانی ساختمان پویا', '1993-03-11', NULL, 'public/faker/file_bank/1.jpg', NULL, '2021-07-22 09:00:38', '2021-07-22 09:00:38'),
(55, 'خیابان سروستانی ساختمان پرنیان پلاک 74', 'App\\Models\\Package', 16, 'IMAGE', 0, '0', 'توضیحات... استان خراسان شمالی خیابان حقیقی ساختمان علی قطعه 92', '1997-04-28', NULL, 'public/faker/file_bank/5.jpg', NULL, '2021-07-22 09:00:38', '2021-07-22 09:00:38'),
(56, 'خیابان نوبختی ساختمان ورنا قطعه 16', 'App\\Models\\Package', 16, 'IMAGE', 0, '0', 'توضیحات... زنجان خیابان مصباح‌زاده ساختمان مجتبی', '2019-09-04', NULL, 'public/faker/file_bank/8.jpg', NULL, '2021-07-22 09:00:38', '2021-07-22 09:00:38'),
(57, 'خیابان سروستانی ساختمان روشان پلاک 47', 'App\\Models\\Artist', 17, 'IMAGE', 0, '0', 'توضیحات... قزوین خیابان بحرینی ساختمان مهراوه', '1976-07-17', NULL, 'public/faker/file_bank/1.jpg', NULL, '2021-07-22 09:00:38', '2021-07-22 09:00:38'),
(58, 'خیابان ایمانی ساختمان پوریا قطعه 45', 'App\\Models\\Package', 11, 'IMAGE', 0, '0', 'توضیحات... استان آذربایجان غربی خیابان اعتبار ساختمان روئین کد پستی 7049449627', '2002-11-28', NULL, 'public/faker/file_bank/7.jpg', NULL, '2021-07-22 09:00:38', '2021-07-22 09:00:38'),
(59, 'خیابان موسوی ساختمان آرین پلاک 73', 'App\\Models\\Artist', 8, 'IMAGE', 0, '0', 'توضیحات... استان قم خیابان ترکان ساختمان مهیندخت قطعه 55', '2000-02-23', NULL, 'public/faker/file_bank/2.jpg', NULL, '2021-07-22 09:00:38', '2021-07-22 09:00:38'),
(60, 'خیابان چگنی ساختمان افسان', 'App\\Models\\Package', 18, 'IMAGE', 0, '0', 'توضیحات... تهران خیابان انوری ساختمان میلا پلاک 41 کد پستی 0649325943', '1992-10-05', NULL, 'public/faker/file_bank/1.jpg', NULL, '2021-07-22 09:00:38', '2021-07-22 09:00:38'),
(61, 'خیابان شرع‌پسند ساختمان باران پلاک 68', 'App\\Models\\Artist', 16, 'IMAGE', 0, '0', 'توضیحات... استان گیلان خیابان افخم ساختمان فریا قطعه 13 کد پستی 2854822373', '1982-05-28', NULL, 'public/faker/file_bank/9.jpg', NULL, '2021-07-22 09:00:38', '2021-07-22 09:00:38'),
(62, 'خیابان داد ساختمان کریم پلاک 27', 'App\\Models\\Artist', 27, 'IMAGE', 0, '0', 'توضیحات... استان مازندران خیابان چنگیزی ساختمان زینا قطعه 70', '1991-05-24', NULL, 'public/faker/file_bank/1.jpg', NULL, '2021-07-22 09:00:39', '2021-07-22 09:00:39'),
(63, 'خیابان درگاهی ساختمان چکاوک', 'App\\Models\\Artist', 20, 'IMAGE', 0, '0', 'توضیحات... استان بوشهر خیابان ادب ساختمان شیده پلاک 41 کد پستی 3009579757', '1987-10-25', NULL, 'public/faker/file_bank/1.jpg', NULL, '2021-07-22 09:00:39', '2021-07-22 09:00:39'),
(64, 'خیابان قاضی ساختمان راحیل قطعه 19', 'App\\Models\\Artist', 18, 'IMAGE', 0, '0', 'توضیحات... آذربایجان غربی خیابان روزبه ساختمان آسمان پلاک 83', '2001-02-13', NULL, 'public/faker/file_bank/9.jpg', NULL, '2021-07-22 09:00:39', '2021-07-22 09:00:39'),
(65, 'خیابان پناهنده ساختمان طاهره', 'App\\Models\\Artist', 2, 'IMAGE', 0, '0', 'توضیحات... قم خیابان عالی ساختمان کیانوش کد پستی 6705022826', '2016-09-08', NULL, 'public/faker/file_bank/9.jpg', NULL, '2021-07-22 09:00:39', '2021-07-22 09:00:39'),
(66, 'خیابان دباغ ساختمان مامیسا قطعه 30', 'App\\Models\\Package', 1, 'IMAGE', 0, '0', 'توضیحات... خراسان رضوی خیابان حقیقی ساختمان واریان کد پستی 6922493179', '2007-04-15', NULL, 'public/faker/file_bank/2.jpg', NULL, '2021-07-22 09:00:39', '2021-07-22 09:00:39'),
(67, 'خیابان عنایت ساختمان آذرافروز', 'App\\Models\\Package', 1, 'IMAGE', 0, '0', 'توضیحات... فارس خیابان ظریف ساختمان سمراد', '1998-04-13', NULL, 'public/faker/file_bank/3.jpg', NULL, '2021-07-22 09:00:39', '2021-07-22 09:00:39'),
(68, 'خیابان سیف ساختمان تلیمان', 'App\\Models\\Package', 18, 'IMAGE', 0, '0', 'توضیحات... استان زنجان خیابان قهرمان ساختمان فرجاد پلاک 92', '1989-11-03', NULL, 'public/faker/file_bank/7.jpg', NULL, '2021-07-22 09:00:39', '2021-07-22 09:00:39'),
(69, 'خیابان خیابانی ساختمان سارنگ', 'App\\Models\\Artist', 33, 'IMAGE', 0, '0', 'توضیحات... آذربایجان شرقی خیابان ادیانی ساختمان کرشمه قطعه 71 کد پستی 9245712842', '1983-07-07', NULL, 'public/faker/file_bank/3.jpg', NULL, '2021-07-22 09:00:39', '2021-07-22 09:00:39'),
(70, 'خیابان جنتی ساختمان اسفندیار', 'App\\Models\\Package', 12, 'IMAGE', 0, '0', 'توضیحات... مازندران خیابان بختیاری ساختمان بهنام قطعه 98', '1992-09-10', NULL, 'public/faker/file_bank/3.jpg', NULL, '2021-07-22 09:00:39', '2021-07-22 09:00:39'),
(71, 'خیابان سرمد ساختمان ایران دخت', 'App\\Models\\Package', 18, 'IMAGE', 0, '0', 'توضیحات... گلستان خیابان حقانی ساختمان عارف پلاک 67 کد پستی 2343980767', '1986-08-28', NULL, 'public/faker/file_bank/4.jpg', NULL, '2021-07-22 09:00:39', '2021-07-22 09:00:39'),
(72, 'خیابان پارسا ساختمان ثمر', 'App\\Models\\Package', 4, 'IMAGE', 0, '0', 'توضیحات... ایلام خیابان مرتضوی ساختمان پوران دخت', '2001-10-09', NULL, 'public/faker/file_bank/7.jpg', NULL, '2021-07-22 09:00:39', '2021-07-22 09:00:39'),
(73, 'خیابان زهرایی ساختمان فرّخزاد', 'App\\Models\\Package', 17, 'IMAGE', 0, '0', 'توضیحات... خراسان جنوبی خیابان فاطمی ساختمان رها', '2007-09-18', NULL, 'public/faker/file_bank/3.jpg', NULL, '2021-07-22 09:00:39', '2021-07-22 09:00:39'),
(74, 'خیابان واعظ ساختمان تندیس', 'App\\Models\\Package', 5, 'IMAGE', 0, '0', 'توضیحات... استان مازندران خیابان نجفی ساختمان هومن قطعه 68 کد پستی 6844276882', '2019-01-24', NULL, 'public/faker/file_bank/2.jpg', NULL, '2021-07-22 09:00:39', '2021-07-22 09:00:39'),
(75, 'خیابان کاشی ساختمان باستین', 'App\\Models\\Artist', 14, 'IMAGE', 0, '0', 'توضیحات... استان سیستان و بلوچستان خیابان دهقان ساختمان نیکا', '1997-12-04', NULL, 'public/faker/file_bank/4.jpg', NULL, '2021-07-22 09:00:39', '2021-07-22 09:00:39'),
(76, 'خیابان یلدا ساختمان جلوه قطعه 22', 'App\\Models\\Artist', 14, 'IMAGE', 0, '0', 'توضیحات... استان لرستان خیابان حقانی ساختمان کژال', '1989-02-13', NULL, 'public/faker/file_bank/7.jpg', NULL, '2021-07-22 09:00:39', '2021-07-22 09:00:39'),
(77, 'خیابان قانعی ساختمان مهیاز قطعه 46', 'App\\Models\\Artist', 16, 'IMAGE', 0, '0', 'توضیحات... سیستان و بلوچستان خیابان موحد ساختمان مصطفی', '1996-04-16', NULL, 'public/faker/file_bank/1.jpg', NULL, '2021-07-22 09:00:39', '2021-07-22 09:00:39'),
(78, 'خیابان مجرد ساختمان انوش', 'App\\Models\\Artist', 21, 'IMAGE', 0, '0', 'توضیحات... استان سمنان خیابان آشتیانی ساختمان کوشا کد پستی 9739232269', '1985-01-09', NULL, 'public/faker/file_bank/8.jpg', NULL, '2021-07-22 09:00:39', '2021-07-22 09:00:39'),
(79, 'خیابان قانعی ساختمان نیلوفر', 'App\\Models\\Artist', 24, 'IMAGE', 0, '0', 'توضیحات... استان کرمان خیابان موسوی ساختمان سوسن پلاک 16', '2019-05-25', NULL, 'public/faker/file_bank/1.jpg', NULL, '2021-07-22 09:00:39', '2021-07-22 09:00:39'),
(80, 'خیابان علی‌آبادی ساختمان مهران پلاک 74', 'App\\Models\\Artist', 18, 'IMAGE', 0, '0', 'توضیحات... کردستان خیابان باغچه‌بان ساختمان صدیق کد پستی 2737766536', '2001-06-11', NULL, 'public/faker/file_bank/1.jpg', NULL, '2021-07-22 09:00:39', '2021-07-22 09:00:39'),
(81, 'خیابان بیگی ساختمان هومن', 'App\\Models\\Artist', 33, 'IMAGE', 0, '0', 'توضیحات... استان کردستان خیابان شیخ‌الاسلامی ساختمان سپیدا کد پستی 1874095550', '1979-12-02', NULL, 'public/faker/file_bank/8.jpg', NULL, '2021-07-22 09:00:39', '2021-07-22 09:00:39'),
(82, 'خیابان جنتی ساختمان لاله پلاک 37', 'App\\Models\\Package', 9, 'IMAGE', 0, '0', 'توضیحات... خراسان رضوی خیابان بختیاری ساختمان ناصر قطعه 23', '2001-02-18', NULL, 'public/faker/file_bank/6.jpg', NULL, '2021-07-22 09:00:39', '2021-07-22 09:00:39'),
(83, 'خیابان برزویی ساختمان آرون', 'App\\Models\\Package', 19, 'IMAGE', 0, '0', 'توضیحات... استان مرکزی خیابان قمیشی ساختمان فرشاد کد پستی 5087474737', '1996-06-05', NULL, 'public/faker/file_bank/1.jpg', NULL, '2021-07-22 09:00:39', '2021-07-22 09:00:39'),
(84, 'خیابان اقلیما ساختمان فرّخزاد', 'App\\Models\\Artist', 21, 'IMAGE', 0, '0', 'توضیحات... همدان خیابان علی‌پور ساختمان کیقباد قطعه 39 کد پستی 7750134602', '1994-06-16', NULL, 'public/faker/file_bank/2.jpg', NULL, '2021-07-22 09:00:39', '2021-07-22 09:00:39'),
(85, 'خیابان علی‌زمانی ساختمان ابوعلی', 'App\\Models\\Artist', 38, 'IMAGE', 0, '0', 'توضیحات... استان یزد خیابان رنگرز ساختمان بهاربانو پلاک 86 کد پستی 3508581209', '2013-07-21', NULL, 'public/faker/file_bank/1.jpg', NULL, '2021-07-22 09:00:39', '2021-07-22 09:00:39'),
(86, 'خیابان مرتضوی ساختمان نورا', 'App\\Models\\Package', 16, 'IMAGE', 0, '0', 'توضیحات... استان لرستان خیابان رستمی ساختمان نجوی قطعه 22', '2013-10-08', NULL, 'public/faker/file_bank/7.jpg', NULL, '2021-07-22 09:00:39', '2021-07-22 09:00:39'),
(87, 'خیابان خاموشی ساختمان نارسیس', 'App\\Models\\Artist', 12, 'IMAGE', 0, '0', 'توضیحات... یزد خیابان دری ساختمان گل نسرین پلاک 66 کد پستی 4388788563', '1987-10-01', NULL, 'public/faker/file_bank/4.jpg', NULL, '2021-07-22 09:00:39', '2021-07-22 09:00:39'),
(88, 'خیابان علیا ساختمان آزرمیدخت پلاک 33', 'App\\Models\\Artist', 33, 'IMAGE', 0, '0', 'توضیحات... فارس خیابان مهاجرانی ساختمان تاجور پلاک 11', '1973-01-21', NULL, 'public/faker/file_bank/8.jpg', NULL, '2021-07-22 09:00:39', '2021-07-22 09:00:39'),
(89, 'خیابان کلباسی ساختمان ارشک قطعه 61', 'App\\Models\\Artist', 15, 'IMAGE', 0, '0', 'توضیحات... استان آذربایجان شرقی خیابان اوستا ساختمان ارنواز', '1991-08-24', NULL, 'public/faker/file_bank/5.jpg', NULL, '2021-07-22 09:00:39', '2021-07-22 09:00:39'),
(90, 'خیابان دستغیب ساختمان پیوند قطعه 11', 'App\\Models\\Package', 20, 'IMAGE', 0, '0', 'توضیحات... تهران خیابان موحد ساختمان بهینه قطعه 77 کد پستی 8350654425', '2004-10-25', NULL, 'public/faker/file_bank/3.jpg', NULL, '2021-07-22 09:00:39', '2021-07-22 09:00:39'),
(91, 'خیابان منوچهری ساختمان مَلِک قطعه 71', 'App\\Models\\Artist', 2, 'IMAGE', 0, '0', 'توضیحات... کردستان خیابان بختیاری ساختمان شیرزاد کد پستی 0318945040', '2016-05-23', NULL, 'public/faker/file_bank/5.jpg', NULL, '2021-07-22 09:00:39', '2021-07-22 09:00:39'),
(92, 'خیابان انتظامی ساختمان مهرزاد پلاک 75', 'App\\Models\\Package', 9, 'IMAGE', 0, '0', 'توضیحات... تهران خیابان کاویانی ساختمان مه منیر قطعه 95', '2009-10-23', NULL, 'public/faker/file_bank/9.jpg', NULL, '2021-07-22 09:00:39', '2021-07-22 09:00:39'),
(93, 'خیابان پیران ساختمان ماریه', 'App\\Models\\Artist', 24, 'IMAGE', 0, '0', 'توضیحات... فارس خیابان کامکار ساختمان اختر پلاک 78', '1975-09-10', NULL, 'public/faker/file_bank/5.jpg', NULL, '2021-07-22 09:00:39', '2021-07-22 09:00:39'),
(94, 'خیابان طریقت ساختمان آبان دخت', 'App\\Models\\Artist', 26, 'IMAGE', 0, '0', 'توضیحات... مرکزی خیابان حکمت ساختمان تینوش قطعه 61 کد پستی 5531607456', '2016-05-02', NULL, 'public/faker/file_bank/7.jpg', NULL, '2021-07-22 09:00:39', '2021-07-22 09:00:39'),
(95, 'خیابان قهستانی ساختمان لعیا', 'App\\Models\\Artist', 12, 'IMAGE', 0, '0', 'توضیحات... چهارمحال و بختیاری خیابان کاویانی ساختمان قشنگ پلاک 22 کد پستی 0344442250', '1978-12-26', NULL, 'public/faker/file_bank/8.jpg', NULL, '2021-07-22 09:00:39', '2021-07-22 09:00:39'),
(96, 'خیابان سبزواری ساختمان آویشن پلاک 83', 'App\\Models\\Artist', 28, 'IMAGE', 0, '0', 'توضیحات... هرمزگان خیابان علم‌الهدی ساختمان افروز قطعه 66 کد پستی 0119798547', '1974-04-30', NULL, 'public/faker/file_bank/1.jpg', NULL, '2021-07-22 09:00:39', '2021-07-22 09:00:39'),
(97, 'خیابان مجاهد ساختمان جهان بانو', 'App\\Models\\Artist', 22, 'IMAGE', 0, '0', 'توضیحات... استان کردستان خیابان شاه‌حسینی ساختمان والا پلاک 91 کد پستی 7128677976', '1975-10-20', NULL, 'public/faker/file_bank/9.jpg', NULL, '2021-07-22 09:00:39', '2021-07-22 09:00:39'),
(98, 'خیابان حقیقی ساختمان سلم قطعه 77', 'App\\Models\\Package', 3, 'IMAGE', 0, '0', 'توضیحات... استان گلستان خیابان فنایی ساختمان ایلا پلاک 47 کد پستی 5014129381', '2014-04-03', NULL, 'public/faker/file_bank/8.jpg', NULL, '2021-07-22 09:00:39', '2021-07-22 09:00:39'),
(99, 'خیابان علی‌پور ساختمان راسن', 'App\\Models\\Artist', 39, 'IMAGE', 0, '0', 'توضیحات... استان کرمان خیابان بهشتی ساختمان تاجفر', '2014-05-04', NULL, 'public/faker/file_bank/7.jpg', NULL, '2021-07-22 09:00:39', '2021-07-22 09:00:39'),
(100, 'خیابان مفتح ساختمان ثمن پلاک 20', 'App\\Models\\Package', 10, 'IMAGE', 0, '0', 'توضیحات... استان سمنان خیابان انوشه ساختمان فرجام', '1972-03-24', NULL, 'public/faker/file_bank/2.jpg', NULL, '2021-07-22 09:00:39', '2021-07-22 09:00:39'),
(101, 'خیابان صباغ ساختمان مهربان', 'App\\Models\\Package', 15, 'IMAGE', 0, '0', 'توضیحات... بوشهر خیابان کمالی ساختمان آذرگل قطعه 41', '1977-09-26', NULL, 'public/faker/file_bank/5.jpg', NULL, '2021-07-22 09:00:39', '2021-07-22 09:00:39'),
(102, 'خیابان موسوی ساختمان آرمین پلاک 29', 'App\\Models\\Package', 10, 'IMAGE', 0, '0', 'توضیحات... استان مازندران خیابان زارع ساختمان سپیده', '1989-07-16', NULL, 'public/faker/file_bank/7.jpg', NULL, '2021-07-22 09:00:40', '2021-07-22 09:00:40'),
(103, 'خیابان آشوری ساختمان ایلا', 'App\\Models\\Package', 19, 'IMAGE', 0, '0', 'توضیحات... خراسان جنوبی خیابان راوندی ساختمان پولاد قطعه 66', '1996-06-25', NULL, 'public/faker/file_bank/8.jpg', NULL, '2021-07-22 09:00:40', '2021-07-22 09:00:40'),
(104, 'خیابان پناهنده ساختمان عنایت', 'App\\Models\\Artist', 13, 'IMAGE', 0, '0', 'توضیحات... استان هرمزگان خیابان جعفریان ساختمان چیکا قطعه 83 کد پستی 3637700437', '2008-02-10', NULL, 'public/faker/file_bank/7.jpg', NULL, '2021-07-22 09:00:40', '2021-07-22 09:00:40'),
(105, 'خیابان فتاحی ساختمان ابوعلی', 'App\\Models\\Package', 6, 'IMAGE', 0, '0', 'توضیحات... استان گلستان خیابان ذاکری ساختمان نگار قطعه 84 کد پستی 7094617918', '1999-03-18', NULL, 'public/faker/file_bank/2.jpg', NULL, '2021-07-22 09:00:40', '2021-07-22 09:00:40'),
(106, 'خیابان دری ساختمان کیکاووس', 'App\\Models\\Artist', 23, 'IMAGE', 0, '0', 'توضیحات... هرمزگان خیابان دری ساختمان توکا پلاک 16 کد پستی 9431003716', '2015-09-18', NULL, 'public/faker/file_bank/1.jpg', NULL, '2021-07-22 09:00:40', '2021-07-22 09:00:40'),
(107, 'خیابان پازوکی ساختمان نوشآفرین پلاک 86', 'App\\Models\\Artist', 10, 'IMAGE', 0, '0', 'توضیحات... استان زنجان خیابان چاوشی ساختمان ایزد', '1996-03-14', NULL, 'public/faker/file_bank/3.jpg', NULL, '2021-07-22 09:00:40', '2021-07-22 09:00:40'),
(108, 'خیابان سبحانی ساختمان سپهر پلاک 44', 'App\\Models\\Package', 5, 'IMAGE', 0, '0', 'توضیحات... هرمزگان خیابان بیگی ساختمان انارام پلاک 87', '1992-12-10', NULL, 'public/faker/file_bank/5.jpg', NULL, '2021-07-22 09:00:40', '2021-07-22 09:00:40'),
(109, 'خیابان طالقانی ساختمان حاتفه', 'App\\Models\\Package', 11, 'IMAGE', 0, '0', 'توضیحات... استان قم خیابان نامور ساختمان آریامنش قطعه 14 کد پستی 8189226863', '1994-09-23', NULL, 'public/faker/file_bank/7.jpg', NULL, '2021-07-22 09:00:40', '2021-07-22 09:00:40'),
(110, 'خیابان خمسه ساختمان پرشین قطعه 61', 'App\\Models\\Artist', 19, 'IMAGE', 0, '0', 'توضیحات... استان تهران خیابان یثربی ساختمان دادمهر پلاک 14 کد پستی 7863672506', '1977-03-14', NULL, 'public/faker/file_bank/3.jpg', NULL, '2021-07-22 09:00:40', '2021-07-22 09:00:40'),
(111, 'خیابان مرادخانی ساختمان آرمیتا قطعه 88', 'App\\Models\\Package', 9, 'IMAGE', 0, '0', 'توضیحات... لرستان خیابان عاشوری ساختمان زاب پلاک 13', '2012-08-31', NULL, 'public/faker/file_bank/5.jpg', NULL, '2021-07-22 09:00:40', '2021-07-22 09:00:40'),
(112, 'خیابان رستمی ساختمان لبینا قطعه 70', 'App\\Models\\Artist', 20, 'IMAGE', 0, '0', 'توضیحات... استان اصفهان خیابان خیابانی ساختمان بهرام پلاک 51', '1974-05-19', NULL, 'public/faker/file_bank/4.jpg', NULL, '2021-07-22 09:00:40', '2021-07-22 09:00:40'),
(113, 'خیابان تبریزی ساختمان ریماز', 'App\\Models\\Package', 12, 'IMAGE', 0, '0', 'توضیحات... چهارمحال و بختیاری خیابان مجتبایی ساختمان شیدوش پلاک 82', '1974-07-04', NULL, 'public/faker/file_bank/9.jpg', NULL, '2021-07-22 09:00:40', '2021-07-22 09:00:40'),
(114, 'خیابان مصباح ساختمان مهرام پلاک 94', 'App\\Models\\Artist', 20, 'IMAGE', 0, '0', 'توضیحات... استان مرکزی خیابان سراج ساختمان ژاله پلاک 74', '1993-09-27', NULL, 'public/faker/file_bank/5.jpg', NULL, '2021-07-22 09:00:40', '2021-07-22 09:00:40'),
(115, 'خیابان کمالی ساختمان سوشیانت', 'App\\Models\\Artist', 25, 'IMAGE', 0, '0', 'توضیحات... آذربایجان غربی خیابان امانت ساختمان پروان کد پستی 3988407103', '1998-07-16', NULL, 'public/faker/file_bank/8.jpg', NULL, '2021-07-22 09:00:40', '2021-07-22 09:00:40'),
(116, 'خیابان زهرایی ساختمان وشتی', 'App\\Models\\Package', 12, 'IMAGE', 0, '0', 'توضیحات... استان لرستان خیابان توکل ساختمان حبیبه پلاک 96', '2000-08-18', NULL, 'public/faker/file_bank/2.jpg', NULL, '2021-07-22 09:00:40', '2021-07-22 09:00:40'),
(117, 'خیابان داور ساختمان مروان قطعه 67', 'App\\Models\\Artist', 30, 'IMAGE', 0, '0', 'توضیحات... استان مازندران خیابان آهنگر ساختمان فرناز پلاک 75 کد پستی 7108773474', '1977-06-23', NULL, 'public/faker/file_bank/2.jpg', NULL, '2021-07-22 09:00:40', '2021-07-22 09:00:40'),
(118, 'خیابان پایدار ساختمان رشیا قطعه 13', 'App\\Models\\Artist', 26, 'IMAGE', 0, '0', 'توضیحات... خوزستان خیابان افخمی ساختمان مهرنام قطعه 15', '1973-07-27', NULL, 'public/faker/file_bank/7.jpg', NULL, '2021-07-22 09:00:40', '2021-07-22 09:00:40'),
(119, 'خیابان موسوی ساختمان آبان', 'App\\Models\\Package', 10, 'IMAGE', 0, '0', 'توضیحات... کرمان خیابان استادی ساختمان سینا', '2004-07-15', NULL, 'public/faker/file_bank/1.jpg', NULL, '2021-07-22 09:00:40', '2021-07-22 09:00:40'),
(120, 'خیابان آهی ساختمان مهتا', 'App\\Models\\Package', 6, 'IMAGE', 0, '0', 'توضیحات... استان البرز خیابان اشتری ساختمان بلاش پلاک 38', '1974-09-09', NULL, 'public/faker/file_bank/6.jpg', NULL, '2021-07-22 09:00:40', '2021-07-22 09:00:40'),
(121, 'خیابان آهی ساختمان مریم', 'App\\Models\\Artist', 17, 'IMAGE', 0, '0', 'توضیحات... استان آذربایجان شرقی خیابان تهرانی ساختمان آریانا قطعه 78', '1978-07-15', NULL, 'public/faker/file_bank/9.jpg', NULL, '2021-07-22 09:00:40', '2021-07-22 09:00:40'),
(122, 'خیابان آدینه ساختمان خندان پلاک 90', 'App\\Models\\Artist', 13, 'IMAGE', 0, '0', 'توضیحات... استان سیستان و بلوچستان خیابان معروف ساختمان افسان', '1993-10-01', NULL, 'public/faker/file_bank/5.jpg', NULL, '2021-07-22 09:00:40', '2021-07-22 09:00:40'),
(123, 'خیابان بختیار ساختمان حیدر', 'App\\Models\\Artist', 40, 'IMAGE', 0, '0', 'توضیحات... استان زنجان خیابان شرف ساختمان ویشپر قطعه 48 کد پستی 1875082541', '1991-11-23', NULL, 'public/faker/file_bank/3.jpg', NULL, '2021-07-22 09:00:40', '2021-07-22 09:00:40'),
(124, 'خیابان نجفی ساختمان سمنبر', 'App\\Models\\Artist', 10, 'IMAGE', 0, '0', 'توضیحات... کرمان خیابان سبحانی ساختمان بیدخت قطعه 33', '2012-02-14', NULL, 'public/faker/file_bank/5.jpg', NULL, '2021-07-22 09:00:40', '2021-07-22 09:00:40'),
(125, 'خیابان خراسانی ساختمان طوفان پلاک 36', 'App\\Models\\Artist', 34, 'IMAGE', 0, '0', 'توضیحات... استان سیستان و بلوچستان خیابان دانایی‌فر ساختمان رامیاد پلاک 66 کد پستی 2940843252', '1996-01-31', NULL, 'public/faker/file_bank/8.jpg', NULL, '2021-07-22 09:00:40', '2021-07-22 09:00:40'),
(126, 'خیابان افخمی ساختمان راز پلاک 85', 'App\\Models\\Package', 13, 'IMAGE', 0, '0', 'توضیحات... کهگیلویه و بویراحمد خیابان صدیقی ساختمان سوزان کد پستی 1889666183', '1970-05-25', NULL, 'public/faker/file_bank/7.jpg', NULL, '2021-07-22 09:00:40', '2021-07-22 09:00:40'),
(127, 'خیابان آشوری ساختمان دل آویز', 'App\\Models\\Package', 3, 'IMAGE', 0, '0', 'توضیحات... اردبیل خیابان مطهری ساختمان شیبا پلاک 44', '1991-07-05', NULL, 'public/faker/file_bank/6.jpg', NULL, '2021-07-22 09:00:40', '2021-07-22 09:00:40'),
(128, 'خیابان کهنمویی ساختمان خینا', 'App\\Models\\Artist', 6, 'IMAGE', 0, '0', 'توضیحات... کهگیلویه و بویراحمد خیابان هاشمی ساختمان ماهرخسارر کد پستی 2691162409', '2018-01-03', NULL, 'public/faker/file_bank/9.jpg', NULL, '2021-07-22 09:00:40', '2021-07-22 09:00:40'),
(129, 'خیابان عقیلی ساختمان اُرند قطعه 65', 'App\\Models\\Package', 1, 'IMAGE', 0, '0', 'توضیحات... استان کردستان خیابان سیف ساختمان ژرفا', '1991-11-22', NULL, 'public/faker/file_bank/8.jpg', NULL, '2021-07-22 09:00:40', '2021-07-22 09:00:40'),
(130, 'خیابان شیخ‌الاسلامی ساختمان رویا', 'App\\Models\\Artist', 29, 'IMAGE', 0, '0', 'توضیحات... کرمانشاه خیابان سرمد ساختمان شباهنگ', '2020-08-17', NULL, 'public/faker/file_bank/7.jpg', NULL, '2021-07-22 09:00:40', '2021-07-22 09:00:40'),
(131, 'خیابان زین‌الدین ساختمان سپندار پلاک 11', 'App\\Models\\Artist', 16, 'IMAGE', 0, '0', 'توضیحات... فارس خیابان لاجوردی ساختمان ایراف کد پستی 8561208998', '1996-10-01', NULL, 'public/faker/file_bank/9.jpg', NULL, '2021-07-22 09:00:40', '2021-07-22 09:00:40'),
(132, 'خیابان پیران ساختمان دری پلاک 72', 'App\\Models\\Package', 9, 'IMAGE', 0, '0', 'توضیحات... استان سمنان خیابان مفتح ساختمان بهتن کد پستی 5599407323', '1988-01-03', NULL, 'public/faker/file_bank/5.jpg', NULL, '2021-07-22 09:00:40', '2021-07-22 09:00:40'),
(133, 'خیابان همت ساختمان شوشا', 'App\\Models\\Artist', 19, 'IMAGE', 0, '0', 'توضیحات... استان گلستان خیابان شاملو ساختمان آزاد دخت', '1980-01-24', NULL, 'public/faker/file_bank/8.jpg', NULL, '2021-07-22 09:00:40', '2021-07-22 09:00:40'),
(134, 'خیابان عبدالملکی ساختمان آریانو پلاک 41', 'App\\Models\\Package', 10, 'IMAGE', 0, '0', 'توضیحات... استان چهارمحال و بختیاری خیابان ایمانی ساختمان پارسادخت پلاک 40', '1986-09-19', NULL, 'public/faker/file_bank/2.jpg', NULL, '2021-07-22 09:00:40', '2021-07-22 09:00:40'),
(135, 'خیابان خدایی ساختمان یزدگرد پلاک 33', 'App\\Models\\Artist', 23, 'IMAGE', 0, '0', 'توضیحات... استان فارس خیابان حکمت ساختمان بههن کد پستی 7817849514', '1994-10-11', NULL, 'public/faker/file_bank/6.jpg', NULL, '2021-07-22 09:00:40', '2021-07-22 09:00:40'),
(136, 'خیابان سحاب ساختمان افشان', 'App\\Models\\Artist', 18, 'IMAGE', 0, '0', 'توضیحات... استان کرمانشاه خیابان کاشی ساختمان آرون', '2002-11-07', NULL, 'public/faker/file_bank/6.jpg', NULL, '2021-07-22 09:00:40', '2021-07-22 09:00:40'),
(137, 'خیابان شریعتی ساختمان عنایت قطعه 12', 'App\\Models\\Artist', 38, 'IMAGE', 0, '0', 'توضیحات... استان یزد خیابان انوری ساختمان پارسادخت', '1975-07-03', NULL, 'public/faker/file_bank/6.jpg', NULL, '2021-07-22 09:00:40', '2021-07-22 09:00:40'),
(138, 'خیابان بدخشانی ساختمان فردات', 'App\\Models\\Artist', 18, 'IMAGE', 0, '0', 'توضیحات... استان آذربایجان غربی خیابان هومن ساختمان اردلان', '2008-08-20', NULL, 'public/faker/file_bank/5.jpg', NULL, '2021-07-22 09:00:40', '2021-07-22 09:00:40'),
(139, 'خیابان فنایی ساختمان اختر قطعه 56', 'App\\Models\\Artist', 24, 'IMAGE', 0, '0', 'توضیحات... ایلام خیابان حکیمی ساختمان فرناد کد پستی 7677243231', '1993-09-13', NULL, 'public/faker/file_bank/4.jpg', NULL, '2021-07-22 09:00:40', '2021-07-22 09:00:40'),
(140, 'خیابان خاتمی ساختمان آذرین', 'App\\Models\\Package', 1, 'IMAGE', 0, '0', 'توضیحات... استان قم خیابان راوندی ساختمان وُریا قطعه 81', '1978-05-22', NULL, 'public/faker/file_bank/1.jpg', NULL, '2021-07-22 09:00:40', '2021-07-22 09:00:40'),
(141, 'خیابان لاهوتی ساختمان نیناد قطعه 62', 'App\\Models\\Package', 16, 'IMAGE', 0, '0', 'توضیحات... استان یزد خیابان شیدا ساختمان اپرنگ کد پستی 3316908394', '1988-08-17', NULL, 'public/faker/file_bank/8.jpg', NULL, '2021-07-22 09:00:40', '2021-07-22 09:00:40'),
(142, 'خیابان شریف ساختمان گل افشان قطعه 99', 'App\\Models\\Package', 11, 'IMAGE', 0, '0', 'توضیحات... کردستان خیابان واعظی ساختمان ساقی کد پستی 8764181585', '2003-05-12', NULL, 'public/faker/file_bank/5.jpg', NULL, '2021-07-22 09:00:41', '2021-07-22 09:00:41'),
(143, 'خیابان دانایی‌فرد ساختمان کوشان', 'App\\Models\\Package', 5, 'IMAGE', 0, '0', 'توضیحات... سیستان و بلوچستان خیابان شاه‌حسینی ساختمان بارمان', '2009-12-18', NULL, 'public/faker/file_bank/9.jpg', NULL, '2021-07-22 09:00:41', '2021-07-22 09:00:41'),
(144, 'خیابان ابتکار ساختمان طاوس', 'App\\Models\\Package', 13, 'IMAGE', 0, '0', 'توضیحات... آذربایجان غربی خیابان آهنگری ساختمان رکسانا کد پستی 5966466084', '2001-03-30', NULL, 'public/faker/file_bank/8.jpg', NULL, '2021-07-22 09:00:41', '2021-07-22 09:00:41'),
(145, 'خیابان اعتماد ساختمان بهامین', 'App\\Models\\Artist', 26, 'IMAGE', 0, '0', 'توضیحات... استان کردستان خیابان مجرد ساختمان سیوا', '2002-11-18', NULL, 'public/faker/file_bank/7.jpg', NULL, '2021-07-22 09:00:41', '2021-07-22 09:00:41'),
(146, 'خیابان سبحانی ساختمان تکتم', 'App\\Models\\Package', 11, 'IMAGE', 0, '0', 'توضیحات... کهگیلویه و بویراحمد خیابان شریعتی ساختمان ماهان', '1976-05-30', NULL, 'public/faker/file_bank/8.jpg', NULL, '2021-07-22 09:00:41', '2021-07-22 09:00:41'),
(147, 'خیابان شریعتمداری ساختمان مهرانگیز قطعه 90', 'App\\Models\\Artist', 28, 'IMAGE', 0, '0', 'توضیحات... استان آذربایجان غربی خیابان محجوب ساختمان خدیجه پلاک 21', '2019-12-12', NULL, 'public/faker/file_bank/6.jpg', NULL, '2021-07-22 09:00:41', '2021-07-22 09:00:41'),
(148, 'خیابان شادمهر ساختمان کامران', 'App\\Models\\Artist', 29, 'IMAGE', 0, '0', 'توضیحات... استان زنجان خیابان چلبی ساختمان فروهر', '1989-12-28', NULL, 'public/faker/file_bank/1.jpg', NULL, '2021-07-22 09:00:41', '2021-07-22 09:00:41'),
(149, 'خیابان معارف ساختمان پرشاد قطعه 81', 'App\\Models\\Package', 5, 'IMAGE', 0, '0', 'توضیحات... استان فارس خیابان پیرحیاتی ساختمان گلرخ', '1972-04-20', NULL, 'public/faker/file_bank/3.jpg', NULL, '2021-07-22 09:00:41', '2021-07-22 09:00:41'),
(150, 'خیابان خدایی ساختمان انور پلاک 56', 'App\\Models\\Artist', 14, 'IMAGE', 0, '0', 'توضیحات... اردبیل خیابان کیان ساختمان پریچهر پلاک 86 کد پستی 8701825052', '2001-07-16', NULL, 'public/faker/file_bank/1.jpg', NULL, '2021-07-22 09:00:41', '2021-07-22 09:00:41'),
(151, 'خیابان اللهیاری ساختمان مراد قطعه 61', 'App\\Models\\Artist', 35, 'IMAGE', 0, '0', 'توضیحات... استان البرز خیابان دستغیب ساختمان آفری پلاک 61 کد پستی 3424340608', '1997-11-08', NULL, 'public/faker/file_bank/5.jpg', NULL, '2021-07-22 09:00:41', '2021-07-22 09:00:41'),
(152, 'خیابان کریمی ساختمان بانویه', 'App\\Models\\Package', 10, 'IMAGE', 0, '0', 'توضیحات... کردستان خیابان ندوشن ساختمان نوین پلاک 30 کد پستی 9626068643', '1972-05-07', NULL, 'public/faker/file_bank/3.jpg', NULL, '2021-07-22 09:00:41', '2021-07-22 09:00:41'),
(153, 'خیابان علم ساختمان شهرنوش', 'App\\Models\\Artist', 12, 'IMAGE', 0, '0', 'توضیحات... همدان خیابان توسلی ساختمان راضیه پلاک 80 کد پستی 7258467906', '2008-06-25', NULL, 'public/faker/file_bank/5.jpg', NULL, '2021-07-22 09:00:41', '2021-07-22 09:00:41'),
(154, 'خیابان اقلیما ساختمان جهانیار پلاک 60', 'App\\Models\\Artist', 13, 'IMAGE', 0, '0', 'توضیحات... بوشهر خیابان جمادی ساختمان ساغر', '1998-04-28', NULL, 'public/faker/file_bank/5.jpg', NULL, '2021-07-22 09:00:41', '2021-07-22 09:00:41'),
(155, 'خیابان اعتبار ساختمان رفا پلاک 29', 'App\\Models\\Package', 18, 'IMAGE', 0, '0', 'توضیحات... استان هرمزگان خیابان علی‌زمانی ساختمان سیمبر کد پستی 7145838784', '1983-07-13', NULL, 'public/faker/file_bank/3.jpg', NULL, '2021-07-22 09:00:41', '2021-07-22 09:00:41'),
(156, 'خیابان روزبه ساختمان آیه', 'App\\Models\\Artist', 17, 'IMAGE', 0, '0', 'توضیحات... استان آذربایجان غربی خیابان کریمی ساختمان فاتک کد پستی 9640918928', '1980-07-06', NULL, 'public/faker/file_bank/3.jpg', NULL, '2021-07-22 09:00:41', '2021-07-22 09:00:41'),
(157, 'خیابان کاشی ساختمان نیوند', 'App\\Models\\Artist', 32, 'IMAGE', 0, '0', 'توضیحات... استان کرمانشاه خیابان رحمانیان ساختمان ارشد کد پستی 2709724117', '2005-02-12', NULL, 'public/faker/file_bank/2.jpg', NULL, '2021-07-22 09:00:41', '2021-07-22 09:00:41'),
(158, 'خیابان منوچهری ساختمان عادیله', 'App\\Models\\Package', 8, 'IMAGE', 0, '0', 'توضیحات... خوزستان خیابان فولادوند ساختمان زهرا قطعه 84 کد پستی 9454390566', '1972-04-06', NULL, 'public/faker/file_bank/2.jpg', NULL, '2021-07-22 09:00:41', '2021-07-22 09:00:41'),
(159, 'خیابان دستغیب ساختمان آرین پلاک 14', 'App\\Models\\Artist', 29, 'IMAGE', 0, '0', 'توضیحات... استان هرمزگان خیابان علی‌زمانی ساختمان داریان پلاک 41 کد پستی 2174024223', '1976-05-17', NULL, 'public/faker/file_bank/4.jpg', NULL, '2021-07-22 09:00:41', '2021-07-22 09:00:41'),
(160, 'خیابان درگاهی ساختمان خینا', 'App\\Models\\Artist', 25, 'IMAGE', 0, '0', 'توضیحات... چهارمحال و بختیاری خیابان شاملو ساختمان جهانمهر قطعه 72 کد پستی 0407297172', '2005-11-18', NULL, 'public/faker/file_bank/3.jpg', NULL, '2021-07-22 09:00:41', '2021-07-22 09:00:41'),
(161, 'خیابان سروستانی ساختمان شبدیز پلاک 90', 'App\\Models\\Artist', 6, 'IMAGE', 0, '0', 'توضیحات... استان سیستان و بلوچستان خیابان فانی ساختمان آذرگون قطعه 74', '1979-05-21', NULL, 'public/faker/file_bank/7.jpg', NULL, '2021-07-22 09:00:41', '2021-07-22 09:00:41'),
(162, 'خیابان بزرگی ساختمان حبیب', 'App\\Models\\Artist', 13, 'IMAGE', 0, '0', 'توضیحات... گلستان خیابان سروش ساختمان فرینام پلاک 99', '1970-01-30', NULL, 'public/faker/file_bank/9.jpg', NULL, '2021-07-22 09:00:41', '2021-07-22 09:00:41'),
(163, 'خیابان شرع‌پسند ساختمان جبّاره پلاک 77', 'App\\Models\\Artist', 18, 'IMAGE', 0, '0', 'توضیحات... زنجان خیابان سلامت ساختمان شاورد کد پستی 4897647306', '1997-01-18', NULL, 'public/faker/file_bank/8.jpg', NULL, '2021-07-22 09:00:41', '2021-07-22 09:00:41'),
(164, 'خیابان باستانی ساختمان عالیه', 'App\\Models\\Package', 15, 'IMAGE', 0, '0', 'توضیحات... بوشهر خیابان همدانی ساختمان سمن کد پستی 4563312994', '2011-04-21', NULL, 'public/faker/file_bank/9.jpg', NULL, '2021-07-22 09:00:41', '2021-07-22 09:00:41'),
(165, 'خیابان حکمت ساختمان کیخسرو', 'App\\Models\\Package', 15, 'IMAGE', 0, '0', 'توضیحات... سیستان و بلوچستان خیابان پازارگاد ساختمان سیوا', '2015-01-15', NULL, 'public/faker/file_bank/7.jpg', NULL, '2021-07-22 09:00:41', '2021-07-22 09:00:41'),
(166, 'خیابان یلدا ساختمان بهرام قطعه 93', 'App\\Models\\Artist', 23, 'IMAGE', 0, '0', 'توضیحات... اردبیل خیابان نامور ساختمان پرسته کد پستی 3761938038', '1996-03-22', NULL, 'public/faker/file_bank/6.jpg', NULL, '2021-07-22 09:00:41', '2021-07-22 09:00:41'),
(167, 'خیابان آختاچی ساختمان حلیمه قطعه 67', 'App\\Models\\Package', 15, 'IMAGE', 0, '0', 'توضیحات... استان مرکزی خیابان افخم ساختمان صلاح الدین', '2014-02-16', NULL, 'public/faker/file_bank/1.jpg', NULL, '2021-07-22 09:00:42', '2021-07-22 09:00:42'),
(168, 'خیابان مددی ساختمان کتیبه', 'App\\Models\\Package', 13, 'IMAGE', 0, '0', 'توضیحات... استان خوزستان خیابان هروی ساختمان زاور کد پستی 5543491528', '2005-06-09', NULL, 'public/faker/file_bank/6.jpg', NULL, '2021-07-22 09:00:42', '2021-07-22 09:00:42'),
(169, 'خیابان مهدی‌پور ساختمان رزین', 'App\\Models\\Artist', 3, 'IMAGE', 0, '0', 'توضیحات... استان مازندران خیابان نراقی ساختمان جلیله کد پستی 1357107759', '1975-11-16', NULL, 'public/faker/file_bank/4.jpg', NULL, '2021-07-22 09:00:42', '2021-07-22 09:00:42'),
(170, 'خیابان فهمیده ساختمان گلسان پلاک 89', 'App\\Models\\Package', 20, 'IMAGE', 0, '0', 'توضیحات... بوشهر خیابان ندوشن ساختمان خینا کد پستی 5050472435', '1971-02-21', NULL, 'public/faker/file_bank/1.jpg', NULL, '2021-07-22 09:00:42', '2021-07-22 09:00:42'),
(171, 'خیابان صدیق ساختمان بهکام', 'App\\Models\\Package', 5, 'IMAGE', 0, '0', 'توضیحات... چهارمحال و بختیاری خیابان کلباسی ساختمان نیرَم کد پستی 7528698427', '1996-10-03', NULL, 'public/faker/file_bank/2.jpg', NULL, '2021-07-22 09:00:42', '2021-07-22 09:00:42'),
(172, 'خیابان قاضی ساختمان وارتان پلاک 27', 'App\\Models\\Package', 9, 'IMAGE', 0, '0', 'توضیحات... آذربایجان غربی خیابان کیان ساختمان بهبود پلاک 47 کد پستی 0153734442', '1995-02-04', NULL, 'public/faker/file_bank/7.jpg', NULL, '2021-07-22 09:00:42', '2021-07-22 09:00:42'),
(173, 'خیابان پورناظری ساختمان مراجل', 'App\\Models\\Artist', 24, 'IMAGE', 0, '0', 'توضیحات... خراسان شمالی خیابان گلپایگانی ساختمان نوزر', '1982-04-11', NULL, 'public/faker/file_bank/8.jpg', NULL, '2021-07-22 09:00:42', '2021-07-22 09:00:42'),
(174, 'خیابان شاملو ساختمان شهریار', 'App\\Models\\Artist', 37, 'IMAGE', 0, '0', 'توضیحات... استان البرز خیابان شاملو ساختمان افسون قطعه 93 کد پستی 4986447098', '2013-12-30', NULL, 'public/faker/file_bank/6.jpg', NULL, '2021-07-22 09:00:42', '2021-07-22 09:00:42'),
(175, 'خیابان بختیار ساختمان حامده پلاک 59', 'App\\Models\\Package', 18, 'IMAGE', 0, '0', 'توضیحات... استان کرمانشاه خیابان فتاحی ساختمان نارین پلاک 72', '2018-09-22', NULL, 'public/faker/file_bank/1.jpg', NULL, '2021-07-22 09:00:42', '2021-07-22 09:00:42'),
(176, 'خیابان سحابی ساختمان اسد پلاک 54', 'App\\Models\\Artist', 32, 'IMAGE', 0, '0', 'توضیحات... اردبیل خیابان لنکرانی ساختمان حورا', '1980-02-19', NULL, 'public/faker/file_bank/8.jpg', NULL, '2021-07-22 09:00:42', '2021-07-22 09:00:42'),
(177, 'خیابان عقیلی ساختمان شیرین', 'App\\Models\\Package', 15, 'IMAGE', 0, '0', 'توضیحات... استان اصفهان خیابان اشراقی ساختمان علی', '1976-02-27', NULL, 'public/faker/file_bank/5.jpg', NULL, '2021-07-22 09:00:42', '2021-07-22 09:00:42'),
(178, 'خیابان محجوب ساختمان آتیلا', 'App\\Models\\Package', 3, 'IMAGE', 0, '0', 'توضیحات... مازندران خیابان عراقی ساختمان نیکزاد پلاک 14 کد پستی 7548647887', '1984-09-21', NULL, 'public/faker/file_bank/6.jpg', NULL, '2021-07-22 09:00:42', '2021-07-22 09:00:42'),
(179, 'خیابان ذاکری ساختمان زرّین تاج قطعه 95', 'App\\Models\\Artist', 7, 'IMAGE', 0, '0', 'توضیحات... آذربایجان شرقی خیابان شجاعی ساختمان ساحل کد پستی 8101731618', '1999-12-20', NULL, 'public/faker/file_bank/4.jpg', NULL, '2021-07-22 09:00:42', '2021-07-22 09:00:42'),
(180, 'خیابان موحد ساختمان سیمتن قطعه 67', 'App\\Models\\Package', 15, 'IMAGE', 0, '0', 'توضیحات... استان زنجان خیابان مجتبایی ساختمان خدیجه کد پستی 2351859200', '1980-07-23', NULL, 'public/faker/file_bank/6.jpg', NULL, '2021-07-22 09:00:42', '2021-07-22 09:00:42'),
(181, 'خیابان آدینه ساختمان شهراب پلاک 62', 'App\\Models\\Package', 6, 'IMAGE', 0, '0', 'توضیحات... استان همدان خیابان فرامرزی ساختمان جهانشاه پلاک 49', '1975-01-12', NULL, 'public/faker/file_bank/6.jpg', NULL, '2021-07-22 09:00:42', '2021-07-22 09:00:42'),
(182, 'خیابان بزرگی ساختمان الیزه قطعه 18', 'App\\Models\\Artist', 3, 'IMAGE', 0, '0', 'توضیحات... استان کرمانشاه خیابان شریف ساختمان شبنم قطعه 57 کد پستی 5453015774', '2002-12-18', NULL, 'public/faker/file_bank/9.jpg', NULL, '2021-07-22 09:00:42', '2021-07-22 09:00:42'),
(183, 'خیابان خداپناهی ساختمان برسابه پلاک 67', 'App\\Models\\Artist', 19, 'IMAGE', 0, '0', 'توضیحات... البرز خیابان شبستری ساختمان فردید پلاک 70', '1993-05-05', NULL, 'public/faker/file_bank/8.jpg', NULL, '2021-07-22 09:00:42', '2021-07-22 09:00:42'),
(184, 'خیابان اشراقی ساختمان جامی', 'App\\Models\\Package', 12, 'IMAGE', 0, '0', 'توضیحات... استان لرستان خیابان فانی ساختمان قیصر', '1990-07-11', NULL, 'public/faker/file_bank/2.jpg', NULL, '2021-07-22 09:00:42', '2021-07-22 09:00:42'),
(185, 'خیابان زارع ساختمان ارکیده', 'App\\Models\\Artist', 14, 'IMAGE', 0, '0', 'توضیحات... آذربایجان شرقی خیابان توسلی ساختمان کام کد پستی 7108155802', '1983-09-16', NULL, 'public/faker/file_bank/6.jpg', NULL, '2021-07-22 09:00:42', '2021-07-22 09:00:42'),
(186, 'خیابان طباطبائی ساختمان عزیزه', 'App\\Models\\Package', 19, 'IMAGE', 0, '0', 'توضیحات... آذربایجان شرقی خیابان نیلوفری ساختمان مهریار قطعه 73', '2018-06-30', NULL, 'public/faker/file_bank/9.jpg', NULL, '2021-07-22 09:00:42', '2021-07-22 09:00:42'),
(187, 'خیابان حسابی ساختمان عاطفه', 'App\\Models\\Package', 15, 'IMAGE', 0, '0', 'توضیحات... استان کردستان خیابان لوکس ساختمان ماکان کد پستی 3060791503', '1996-11-25', NULL, 'public/faker/file_bank/5.jpg', NULL, '2021-07-22 09:00:43', '2021-07-22 09:00:43'),
(188, 'خیابان توفیقی ساختمان فردین', 'App\\Models\\Package', 3, 'IMAGE', 0, '0', 'توضیحات... استان کردستان خیابان بیگی ساختمان طلا پلاک 42', '1974-10-29', NULL, 'public/faker/file_bank/8.jpg', NULL, '2021-07-22 09:00:43', '2021-07-22 09:00:43'),
(189, 'خیابان توکلیان ساختمان هیلدا قطعه 10', 'App\\Models\\Package', 18, 'IMAGE', 0, '0', 'توضیحات... اصفهان خیابان مشا ساختمان اردون پلاک 21 کد پستی 4113208505', '2018-03-11', NULL, 'public/faker/file_bank/1.jpg', NULL, '2021-07-22 09:00:43', '2021-07-22 09:00:43'),
(190, 'خیابان شریفیان ساختمان پاینده', 'App\\Models\\Package', 19, 'IMAGE', 0, '0', 'توضیحات... استان تهران خیابان ترکاشوند ساختمان نوشیروان قطعه 46', '1998-12-15', NULL, 'public/faker/file_bank/1.jpg', NULL, '2021-07-22 09:00:43', '2021-07-22 09:00:43'),
(191, 'خیابان دانایی‌فر ساختمان سوگلی', 'App\\Models\\Package', 11, 'IMAGE', 0, '0', 'توضیحات... استان بوشهر خیابان کاملی ساختمان ترسا قطعه 27 کد پستی 8639097779', '1989-02-25', NULL, 'public/faker/file_bank/9.jpg', NULL, '2021-07-22 09:00:43', '2021-07-22 09:00:43'),
(192, 'خیابان واعظی ساختمان یزدان بخش', 'App\\Models\\Package', 20, 'IMAGE', 0, '0', 'توضیحات... قم خیابان اعتماد ساختمان آتنا قطعه 27 کد پستی 6779729389', '2010-06-05', NULL, 'public/faker/file_bank/8.jpg', NULL, '2021-07-22 09:00:43', '2021-07-22 09:00:43'),
(193, 'خیابان میرباقری ساختمان جهانیار قطعه 51', 'App\\Models\\Artist', 14, 'IMAGE', 0, '0', 'توضیحات... استان زنجان خیابان ملک ساختمان شولان', '1976-06-24', NULL, 'public/faker/file_bank/1.jpg', NULL, '2021-07-22 09:00:43', '2021-07-22 09:00:43'),
(194, 'خیابان سیف ساختمان بلاش قطعه 15', 'App\\Models\\Package', 13, 'IMAGE', 0, '0', 'توضیحات... استان کردستان خیابان پناهنده ساختمان ورنا پلاک 27 کد پستی 5570915977', '1988-03-24', NULL, 'public/faker/file_bank/9.jpg', NULL, '2021-07-22 09:00:43', '2021-07-22 09:00:43'),
(195, 'خیابان قهرمانی ساختمان آرون', 'App\\Models\\Package', 15, 'IMAGE', 0, '0', 'توضیحات... خراسان جنوبی خیابان شجاعی ساختمان پرتاش کد پستی 4931144559', '2011-12-19', NULL, 'public/faker/file_bank/8.jpg', NULL, '2021-07-22 09:00:43', '2021-07-22 09:00:43');
INSERT INTO `file_banks` (`id`, `name`, `owner_type`, `owner_id`, `type`, `is_saleable`, `amount`, `description`, `date`, `sound`, `image`, `url`, `created_at`, `updated_at`) VALUES
(196, 'خیابان خدایی ساختمان تندیس', 'App\\Models\\Artist', 19, 'IMAGE', 0, '0', 'توضیحات... خوزستان خیابان صدیقی ساختمان ویره', '1984-12-16', NULL, 'public/faker/file_bank/3.jpg', NULL, '2021-07-22 09:00:43', '2021-07-22 09:00:43'),
(197, 'خیابان خرم‌آبادی ساختمان واریان', 'App\\Models\\Artist', 2, 'IMAGE', 0, '0', 'توضیحات... استان ایلام خیابان حقیقی ساختمان فردیس', '2011-11-13', NULL, 'public/faker/file_bank/7.jpg', NULL, '2021-07-22 09:00:43', '2021-07-22 09:00:43'),
(198, 'خیابان ذاکری ساختمان وفا پلاک 50', 'App\\Models\\Package', 2, 'IMAGE', 0, '0', 'توضیحات... استان همدان خیابان شادمهر ساختمان نرمینه قطعه 20', '1985-05-22', NULL, 'public/faker/file_bank/7.jpg', NULL, '2021-07-22 09:00:43', '2021-07-22 09:00:43'),
(199, 'خیابان زالی ساختمان منوچهر پلاک 15', 'App\\Models\\Artist', 10, 'IMAGE', 0, '0', 'توضیحات... استان ایلام خیابان پایا ساختمان گلرو قطعه 92 کد پستی 4256133488', '2000-10-25', NULL, 'public/faker/file_bank/7.jpg', NULL, '2021-07-22 09:00:43', '2021-07-22 09:00:43'),
(200, 'خیابان عزیزی ساختمان لیلوپر', 'App\\Models\\Package', 4, 'IMAGE', 0, '0', 'توضیحات... البرز خیابان شاملو ساختمان رامتین کد پستی 3942997251', '2010-03-29', NULL, 'public/faker/file_bank/9.jpg', NULL, '2021-07-22 09:00:43', '2021-07-22 09:00:43'),
(201, 'خیابان سحابی ساختمان جنّت', 'App\\Models\\Artist', 10, 'IMAGE', 0, '0', 'توضیحات... همدان خیابان نیشابوری ساختمان روشاک کد پستی 3110975137', '1972-06-25', NULL, 'public/faker/file_bank/9.jpg', NULL, '2021-07-22 09:00:43', '2021-07-22 09:00:43'),
(202, 'خیابان مهاجرانی ساختمان فربد', 'App\\Models\\Artist', 29, 'IMAGE', 0, '0', 'توضیحات... استان یزد خیابان شیروانی ساختمان شیدفر کد پستی 7476391547', '2003-04-21', NULL, 'public/faker/file_bank/6.jpg', NULL, '2021-07-22 09:00:43', '2021-07-22 09:00:43'),
(203, 'خیابان پازوکی ساختمان مهتاب پلاک 74', 'App\\Models\\Artist', 40, 'IMAGE', 0, '0', 'توضیحات... کرمان خیابان کیمیایی ساختمان ایاز کد پستی 7630130313', '2006-04-07', NULL, 'public/faker/file_bank/5.jpg', NULL, '2021-07-22 09:00:43', '2021-07-22 09:00:43'),
(204, 'خیابان خراسانی ساختمان مهروش قطعه 20', 'App\\Models\\Artist', 32, 'IMAGE', 0, '0', 'توضیحات... استان هرمزگان خیابان منوچهری ساختمان خاتون', '2009-07-01', NULL, 'public/faker/file_bank/5.jpg', NULL, '2021-07-22 09:00:43', '2021-07-22 09:00:43'),
(205, 'خیابان نیلوفری ساختمان کمبوجیه', 'App\\Models\\Package', 2, 'IMAGE', 0, '0', 'توضیحات... کهگیلویه و بویراحمد خیابان مهدی‌پور ساختمان نوژان', '1990-11-06', NULL, 'public/faker/file_bank/5.jpg', NULL, '2021-07-22 09:00:43', '2021-07-22 09:00:43'),
(206, 'خیابان نقیب‌زاده ساختمان سردار', 'App\\Models\\Artist', 24, 'IMAGE', 0, '0', 'توضیحات... استان اردبیل خیابان ملکیان ساختمان ملیک', '2017-04-18', NULL, 'public/faker/file_bank/2.jpg', NULL, '2021-07-22 09:00:43', '2021-07-22 09:00:43'),
(207, 'خیابان ابریشمی ساختمان میثمه', 'App\\Models\\Artist', 25, 'IMAGE', 0, '0', 'توضیحات... گیلان خیابان فولادوند ساختمان مهلقا قطعه 30 کد پستی 5296888834', '1981-10-03', NULL, 'public/faker/file_bank/2.jpg', NULL, '2021-07-22 09:00:43', '2021-07-22 09:00:43'),
(208, 'خیابان فولادوند ساختمان کاملیا پلاک 84', 'App\\Models\\Artist', 29, 'IMAGE', 0, '0', 'توضیحات... استان قم خیابان مهدی‌پور ساختمان آناهیتا پلاک 22 کد پستی 5026742588', '1976-01-04', NULL, 'public/faker/file_bank/9.jpg', NULL, '2021-07-22 09:00:43', '2021-07-22 09:00:43'),
(209, 'خیابان بهاور ساختمان مهراوه', 'App\\Models\\Artist', 36, 'IMAGE', 0, '0', 'توضیحات... فارس خیابان پیران ساختمان اردلان پلاک 47 کد پستی 5751866430', '1974-08-04', NULL, 'public/faker/file_bank/2.jpg', NULL, '2021-07-22 09:00:43', '2021-07-22 09:00:43'),
(210, 'خیابان مجتبایی ساختمان آیتان پلاک 67', 'App\\Models\\Artist', 35, 'IMAGE', 0, '0', 'توضیحات... خراسان شمالی خیابان ساعی ساختمان نوبر', '1981-01-22', NULL, 'public/faker/file_bank/4.jpg', NULL, '2021-07-22 09:00:44', '2021-07-22 09:00:44'),
(211, 'خیابان ثابتی ساختمان جهان', 'App\\Models\\Artist', 24, 'IMAGE', 0, '0', 'توضیحات... استان گیلان خیابان شاملو ساختمان بدریه قطعه 28', '2000-03-13', NULL, 'public/faker/file_bank/3.jpg', NULL, '2021-07-22 09:00:44', '2021-07-22 09:00:44'),
(212, 'خیابان شاملو ساختمان سوفرا قطعه 98', 'App\\Models\\Artist', 14, 'IMAGE', 0, '0', 'توضیحات... استان چهارمحال و بختیاری خیابان موسویان ساختمان اُوژن', '2014-12-29', NULL, 'public/faker/file_bank/8.jpg', NULL, '2021-07-22 09:00:44', '2021-07-22 09:00:44'),
(213, 'خیابان چنگیزی ساختمان نوبان', 'App\\Models\\Package', 1, 'IMAGE', 0, '0', 'توضیحات... استان فارس خیابان شیرمحمدی ساختمان بی بی ناز کد پستی 7938756621', '2009-11-04', NULL, 'public/faker/file_bank/6.jpg', NULL, '2021-07-22 09:00:44', '2021-07-22 09:00:44'),
(214, 'خیابان روستا ساختمان تابال', 'App\\Models\\Artist', 26, 'IMAGE', 0, '0', 'توضیحات... استان کرمان خیابان مجتهدی ساختمان ژاژه قطعه 50', '2006-02-28', NULL, 'public/faker/file_bank/3.jpg', NULL, '2021-07-22 09:00:44', '2021-07-22 09:00:44'),
(215, 'خیابان فانی ساختمان به بها', 'App\\Models\\Artist', 4, 'IMAGE', 0, '0', 'توضیحات... استان زنجان خیابان فهمیده ساختمان رشین کد پستی 2043609074', '1970-10-11', NULL, 'public/faker/file_bank/4.jpg', NULL, '2021-07-22 09:00:44', '2021-07-22 09:00:44'),
(216, 'خیابان کامکار ساختمان ایاز قطعه 42', 'App\\Models\\Package', 3, 'IMAGE', 0, '0', 'توضیحات... یزد خیابان جمادی ساختمان رادمنش کد پستی 3125306910', '2015-04-28', NULL, 'public/faker/file_bank/8.jpg', NULL, '2021-07-22 09:00:44', '2021-07-22 09:00:44'),
(217, 'خیابان بزرگیان ساختمان رهام قطعه 33', 'App\\Models\\Package', 6, 'IMAGE', 0, '0', 'توضیحات... استان مرکزی خیابان حبیبی ساختمان هاني', '1990-09-01', NULL, 'public/faker/file_bank/8.jpg', NULL, '2021-07-22 09:00:44', '2021-07-22 09:00:44'),
(218, 'خیابان فرهنگ ساختمان کورش', 'App\\Models\\Artist', 36, 'IMAGE', 0, '0', 'توضیحات... آذربایجان شرقی خیابان ادب ساختمان طناز', '2018-11-17', NULL, 'public/faker/file_bank/1.jpg', NULL, '2021-07-22 09:00:44', '2021-07-22 09:00:44'),
(219, 'خیابان عارف ساختمان رومینا قطعه 57', 'App\\Models\\Artist', 5, 'IMAGE', 0, '0', 'توضیحات... خراسان جنوبی خیابان واعظ‌زاده ساختمان شهرناو', '1971-02-15', NULL, 'public/faker/file_bank/7.jpg', NULL, '2021-07-22 09:00:44', '2021-07-22 09:00:44'),
(220, 'خیابان مجتبوی ساختمان روشان پلاک 47', 'App\\Models\\Package', 9, 'IMAGE', 0, '0', 'توضیحات... استان گلستان خیابان دیباج ساختمان سپند قطعه 74 کد پستی 9173951304', '1994-02-18', NULL, 'public/faker/file_bank/8.jpg', NULL, '2021-07-22 09:00:44', '2021-07-22 09:00:44');

-- --------------------------------------------------------

--
-- Table structure for table `images`
--

CREATE TABLE `images` (
  `id` bigint(20) UNSIGNED NOT NULL,
  `name` varchar(75) COLLATE utf8mb4_unicode_ci DEFAULT NULL,
  `owner_type` varchar(191) COLLATE utf8mb4_unicode_ci NOT NULL,
  `owner_id` int(11) NOT NULL,
  `description` varchar(191) COLLATE utf8mb4_unicode_ci DEFAULT NULL,
  `path` varchar(191) COLLATE utf8mb4_unicode_ci NOT NULL,
  `created_at` timestamp NULL DEFAULT NULL,
  `updated_at` timestamp NULL DEFAULT NULL
) ENGINE=InnoDB DEFAULT CHARSET=utf8mb4 COLLATE=utf8mb4_unicode_ci;

--
-- Dumping data for table `images`
--

INSERT INTO `images` (`id`, `name`, `owner_type`, `owner_id`, `description`, `path`, `created_at`, `updated_at`) VALUES
(1, 'خیابان عبادی ساختمان یزدانه قطعه 75', 'App\\Models\\Studio', 1, 'توضیحات... یزد خیابان اقلیما ساختمان سزانه', 'public/faker/image/1.jpg', '2021-07-22 09:00:47', '2021-07-22 09:00:47'),
(2, 'خیابان مظفر ساختمان جهانبخت قطعه 57', 'App\\Models\\Studio', 42, 'توضیحات... استان هرمزگان خیابان یاحقی ساختمان ورد', 'public/faker/image/9.jpg', '2021-07-22 09:00:47', '2021-07-22 09:00:47'),
(3, 'خیابان شهیدی ساختمان زرّین تاج', 'App\\Models\\Studio', 18, 'توضیحات... استان هرمزگان خیابان مصباح‌زاده ساختمان ثمره قطعه 56', 'public/faker/image/7.jpg', '2021-07-22 09:00:47', '2021-07-22 09:00:47'),
(4, 'خیابان آریان‌پور ساختمان کبری', 'App\\Models\\Studio', 9, 'توضیحات... استان اردبیل خیابان شجاعی ساختمان شهنام قطعه 18', 'public/faker/image/8.jpg', '2021-07-22 09:00:47', '2021-07-22 09:00:47'),
(5, 'خیابان ستاری ساختمان روزبه پلاک 44', 'App\\Models\\Studio', 11, 'توضیحات... استان آذربایجان شرقی خیابان چنگیزی ساختمان نیوتور', 'public/faker/image/8.jpg', '2021-07-22 09:00:47', '2021-07-22 09:00:47'),
(6, 'خیابان اصفهانی ساختمان آرتمیس قطعه 74', 'App\\Models\\Studio', 11, 'توضیحات... استان مرکزی خیابان قهرمانی ساختمان آرام', 'public/faker/image/6.jpg', '2021-07-22 09:00:47', '2021-07-22 09:00:47'),
(7, 'خیابان ظریف ساختمان مهوش پلاک 84', 'App\\Models\\Studio', 9, 'توضیحات... البرز خیابان شادمهر ساختمان یونس', 'public/faker/image/6.jpg', '2021-07-22 09:00:47', '2021-07-22 09:00:47'),
(8, 'خیابان لنکرانی ساختمان پژمان قطعه 66', 'App\\Models\\Studio', 34, 'توضیحات... همدان خیابان حجتی ساختمان فرنام قطعه 30', 'public/faker/image/1.jpg', '2021-07-22 09:00:47', '2021-07-22 09:00:47'),
(9, 'خیابان نراقی ساختمان نیکان پلاک 84', 'App\\Models\\Studio', 49, 'توضیحات... استان قم خیابان واعظ ساختمان فردوس پلاک 77 کد پستی 0653957536', 'public/faker/image/7.jpg', '2021-07-22 09:00:47', '2021-07-22 09:00:47'),
(10, 'خیابان ابوذر ساختمان نیکزاد قطعه 91', 'App\\Models\\Studio', 43, 'توضیحات... خراسان رضوی خیابان پارسا ساختمان آرایه قطعه 67', 'public/faker/image/3.jpg', '2021-07-22 09:00:47', '2021-07-22 09:00:47'),
(11, 'خیابان کدیور ساختمان ساسان', 'App\\Models\\Studio', 27, 'توضیحات... استان آذربایجان شرقی خیابان نقیب‌زاده ساختمان چامه', 'public/faker/image/6.jpg', '2021-07-22 09:00:47', '2021-07-22 09:00:47'),
(12, 'خیابان علی‌زمانی ساختمان آذرشین قطعه 79', 'App\\Models\\Studio', 24, 'توضیحات... استان چهارمحال و بختیاری خیابان محجوبی ساختمان شمسا کد پستی 0365980443', 'public/faker/image/4.jpg', '2021-07-22 09:00:47', '2021-07-22 09:00:47'),
(13, 'خیابان طباطبائی ساختمان ارشک', 'App\\Models\\Studio', 1, 'توضیحات... زنجان خیابان آهنگری ساختمان میثاق پلاک 31 کد پستی 3327831520', 'public/faker/image/5.jpg', '2021-07-22 09:00:47', '2021-07-22 09:00:47'),
(14, 'خیابان شیرازی ساختمان امجد قطعه 70', 'App\\Models\\Studio', 36, 'توضیحات... استان تهران خیابان مهدی‌پور ساختمان ایراف قطعه 33 کد پستی 3511783920', 'public/faker/image/8.jpg', '2021-07-22 09:00:47', '2021-07-22 09:00:47'),
(15, 'خیابان خوئینی ساختمان فرشاد', 'App\\Models\\Studio', 45, 'توضیحات... استان آذربایجان شرقی خیابان ارسباران ساختمان جلا', 'public/faker/image/8.jpg', '2021-07-22 09:00:47', '2021-07-22 09:00:47'),
(16, 'خیابان آقاجری ساختمان ماهرخسارر پلاک 61', 'App\\Models\\Studio', 49, 'توضیحات... استان کرمانشاه خیابان سحاب ساختمان شمسی پلاک 89 کد پستی 1216227577', 'public/faker/image/6.jpg', '2021-07-22 09:00:47', '2021-07-22 09:00:47'),
(17, 'خیابان شیدا ساختمان وینا', 'App\\Models\\Studio', 13, 'توضیحات... استان گلستان خیابان صدر ساختمان تاج بانو کد پستی 4726582032', 'public/faker/image/4.jpg', '2021-07-22 09:00:47', '2021-07-22 09:00:47'),
(18, 'خیابان جنتی ساختمان داریا', 'App\\Models\\Studio', 22, 'توضیحات... گیلان خیابان واعظ ساختمان یاوند پلاک 88', 'public/faker/image/9.jpg', '2021-07-22 09:00:47', '2021-07-22 09:00:47'),
(19, 'خیابان دستغیب ساختمان توران خت پلاک 41', 'App\\Models\\Studio', 41, 'توضیحات... استان هرمزگان خیابان مصباح ساختمان شیفته قطعه 78', 'public/faker/image/3.jpg', '2021-07-22 09:00:47', '2021-07-22 09:00:47'),
(20, 'خیابان رسولی ساختمان فریا', 'App\\Models\\Studio', 32, 'توضیحات... تهران خیابان حقانی ساختمان پرشین', 'public/faker/image/4.jpg', '2021-07-22 09:00:47', '2021-07-22 09:00:47'),
(21, 'خیابان رجایی ساختمان گل نسرین', 'App\\Models\\Studio', 32, 'توضیحات... سیستان و بلوچستان خیابان ندوشن ساختمان بههن کد پستی 5614219581', 'public/faker/image/9.jpg', '2021-07-22 09:00:47', '2021-07-22 09:00:47'),
(22, 'خیابان آژند ساختمان هارون پلاک 92', 'App\\Models\\Studio', 28, 'توضیحات... کردستان خیابان اعتماد ساختمان مهناز قطعه 40 کد پستی 6251846345', 'public/faker/image/3.jpg', '2021-07-22 09:00:47', '2021-07-22 09:00:47'),
(23, 'خیابان رنجبر ساختمان مهیار', 'App\\Models\\Studio', 27, 'توضیحات... قم خیابان ضرغامی ساختمان چیکا قطعه 63 کد پستی 7353088129', 'public/faker/image/9.jpg', '2021-07-22 09:00:48', '2021-07-22 09:00:48'),
(24, 'خیابان شرع‌پسند ساختمان فرنگ قطعه 50', 'App\\Models\\Studio', 10, 'توضیحات... استان فارس خیابان عصار ساختمان فرناد پلاک 90 کد پستی 7451336548', 'public/faker/image/5.jpg', '2021-07-22 09:00:48', '2021-07-22 09:00:48'),
(25, 'خیابان هاشمیان ساختمان شهپر پلاک 42', 'App\\Models\\Studio', 11, 'توضیحات... استان فارس خیابان محجوب ساختمان مهرانگیز پلاک 33', 'public/faker/image/6.jpg', '2021-07-22 09:00:48', '2021-07-22 09:00:48'),
(26, 'خیابان آقاجری ساختمان اوتبر', 'App\\Models\\Studio', 50, 'توضیحات... البرز خیابان سحاب ساختمان فرّخ قطعه 43 کد پستی 3248449050', 'public/faker/image/3.jpg', '2021-07-22 09:00:48', '2021-07-22 09:00:48'),
(27, 'خیابان رنجبر ساختمان سپنتمان', 'App\\Models\\Studio', 24, 'توضیحات... ایلام خیابان پناهی ساختمان مهراز کد پستی 2421353321', 'public/faker/image/3.jpg', '2021-07-22 09:00:48', '2021-07-22 09:00:48'),
(28, 'خیابان علی‌پور ساختمان ویراف', 'App\\Models\\Studio', 11, 'توضیحات... کهگیلویه و بویراحمد خیابان صدیق ساختمان گشتاسب کد پستی 3976022770', 'public/faker/image/8.jpg', '2021-07-22 09:00:48', '2021-07-22 09:00:48'),
(29, 'خیابان واثقی ساختمان ژاله قطعه 22', 'App\\Models\\Studio', 17, 'توضیحات... سمنان خیابان آختاچی ساختمان پریسان', 'public/faker/image/8.jpg', '2021-07-22 09:00:48', '2021-07-22 09:00:48'),
(30, 'خیابان آژند ساختمان فرانه', 'App\\Models\\Studio', 13, 'توضیحات... استان زنجان خیابان رحماندوست ساختمان آلیش', 'public/faker/image/2.jpg', '2021-07-22 09:00:48', '2021-07-22 09:00:48'),
(31, 'خیابان جنتی ساختمان ویس قطعه 39', 'App\\Models\\Studio', 47, 'توضیحات... استان چهارمحال و بختیاری خیابان شیخ‌الاسلامی ساختمان اروسا کد پستی 9728479478', 'public/faker/image/4.jpg', '2021-07-22 09:00:48', '2021-07-22 09:00:48'),
(32, 'خیابان آدینه ساختمان شاورد قطعه 11', 'App\\Models\\Studio', 9, 'توضیحات... سیستان و بلوچستان خیابان سادات ساختمان آمیتریس', 'public/faker/image/4.jpg', '2021-07-22 09:00:48', '2021-07-22 09:00:48'),
(33, 'خیابان حقیقی ساختمان عمید پلاک 56', 'App\\Models\\Studio', 7, 'توضیحات... استان آذربایجان شرقی خیابان مجتبایی ساختمان هژیر پلاک 12 کد پستی 4388404597', 'public/faker/image/5.jpg', '2021-07-22 09:00:48', '2021-07-22 09:00:48'),
(34, 'خیابان موسویان ساختمان کوشان پلاک 90', 'App\\Models\\Studio', 13, 'توضیحات... کردستان خیابان چلبی ساختمان کاژیره قطعه 63 کد پستی 4488714599', 'public/faker/image/8.jpg', '2021-07-22 09:00:48', '2021-07-22 09:00:48'),
(35, 'خیابان فاطمی ساختمان انسی', 'App\\Models\\Studio', 27, 'توضیحات... کرمانشاه خیابان رحمانیان ساختمان فردین کد پستی 1550080190', 'public/faker/image/8.jpg', '2021-07-22 09:00:48', '2021-07-22 09:00:48'),
(36, 'خیابان هومن ساختمان پارمین', 'App\\Models\\Studio', 41, 'توضیحات... تهران خیابان انوشه ساختمان عماد کد پستی 0451932206', 'public/faker/image/7.jpg', '2021-07-22 09:00:48', '2021-07-22 09:00:48'),
(37, 'خیابان مجتهدی ساختمان رزما', 'App\\Models\\Studio', 35, 'توضیحات... سیستان و بلوچستان خیابان اعتماد ساختمان آذرفروز پلاک 25 کد پستی 4164632552', 'public/faker/image/9.jpg', '2021-07-22 09:00:48', '2021-07-22 09:00:48'),
(38, 'خیابان فروتن ساختمان فرورتیش', 'App\\Models\\Studio', 49, 'توضیحات... لرستان خیابان اشتری ساختمان سیماه پلاک 91', 'public/faker/image/3.jpg', '2021-07-22 09:00:48', '2021-07-22 09:00:48'),
(39, 'خیابان حائری ساختمان هشام', 'App\\Models\\Studio', 33, 'توضیحات... کرمانشاه خیابان توسلی ساختمان ویشپر پلاک 31', 'public/faker/image/5.jpg', '2021-07-22 09:00:48', '2021-07-22 09:00:48'),
(40, 'خیابان فولادوند ساختمان ساویز', 'App\\Models\\Studio', 20, 'توضیحات... استان سمنان خیابان مستوفی ساختمان پروه قطعه 43', 'public/faker/image/7.jpg', '2021-07-22 09:00:48', '2021-07-22 09:00:48'),
(41, 'خیابان پناهیان ساختمان ریحانه پلاک 88', 'App\\Models\\Studio', 44, 'توضیحات... کردستان خیابان آهنگر ساختمان الهام', 'public/faker/image/2.jpg', '2021-07-22 09:00:48', '2021-07-22 09:00:48'),
(42, 'خیابان زرشناس ساختمان یاور', 'App\\Models\\Studio', 26, 'توضیحات... قم خیابان بزرگی ساختمان فرشته قطعه 70', 'public/faker/image/2.jpg', '2021-07-22 09:00:48', '2021-07-22 09:00:48'),
(43, 'خیابان سیف ساختمان پرسون قطعه 47', 'App\\Models\\Studio', 45, 'توضیحات... لرستان خیابان امانی ساختمان هارون کد پستی 5404027274', 'public/faker/image/6.jpg', '2021-07-22 09:00:48', '2021-07-22 09:00:48'),
(44, 'خیابان آهنگری ساختمان هومن', 'App\\Models\\Studio', 25, 'توضیحات... استان یزد خیابان حسابی ساختمان اردا پلاک 29 کد پستی 2525006351', 'public/faker/image/2.jpg', '2021-07-22 09:00:48', '2021-07-22 09:00:48'),
(45, 'خیابان ناظری ساختمان شهنام قطعه 77', 'App\\Models\\Studio', 22, 'توضیحات... استان خراسان جنوبی خیابان ظریف ساختمان ورفان قطعه 80', 'public/faker/image/8.jpg', '2021-07-22 09:00:48', '2021-07-22 09:00:48'),
(46, 'خیابان هاشمیان ساختمان ارمیا قطعه 12', 'App\\Models\\Studio', 43, 'توضیحات... هرمزگان خیابان اشتری ساختمان تهمتن کد پستی 1356618885', 'public/faker/image/7.jpg', '2021-07-22 09:00:48', '2021-07-22 09:00:48'),
(47, 'خیابان آژند ساختمان مامیسا قطعه 68', 'App\\Models\\Studio', 31, 'توضیحات... هرمزگان خیابان مهدی‌پور ساختمان پیمان پلاک 85 کد پستی 1163917308', 'public/faker/image/1.jpg', '2021-07-22 09:00:48', '2021-07-22 09:00:48'),
(48, 'خیابان زنوزی ساختمان سیامک', 'App\\Models\\Studio', 10, 'توضیحات... بوشهر خیابان خدایی ساختمان انیس قطعه 59 کد پستی 9344585583', 'public/faker/image/4.jpg', '2021-07-22 09:00:48', '2021-07-22 09:00:48'),
(49, 'خیابان زمردیان ساختمان صفا پلاک 40', 'App\\Models\\Studio', 46, 'توضیحات... زنجان خیابان سبزواری ساختمان فاریا قطعه 13', 'public/faker/image/1.jpg', '2021-07-22 09:00:48', '2021-07-22 09:00:48'),
(50, 'خیابان زالی ساختمان رامی قطعه 30', 'App\\Models\\Studio', 46, 'توضیحات... خوزستان خیابان پناهیان ساختمان شاهگل پلاک 65 کد پستی 1231317420', 'public/faker/image/4.jpg', '2021-07-22 09:00:48', '2021-07-22 09:00:48');

-- --------------------------------------------------------

--
-- Table structure for table `item_cart`
--

CREATE TABLE `item_cart` (
  `id` bigint(20) UNSIGNED NOT NULL,
  `cart_id` bigint(20) UNSIGNED NOT NULL,
  `type` enum('ADVISOR','PACKAGE','TEAMMATE','STUDIO') COLLATE utf8mb4_unicode_ci NOT NULL,
  `item_id` int(11) NOT NULL,
  `created_at` timestamp NULL DEFAULT NULL,
  `updated_at` timestamp NULL DEFAULT NULL
) ENGINE=InnoDB DEFAULT CHARSET=utf8mb4 COLLATE=utf8mb4_unicode_ci;

-- --------------------------------------------------------

--
-- Table structure for table `jobs`
--

CREATE TABLE `jobs` (
  `id` bigint(20) UNSIGNED NOT NULL,
  `queue` varchar(191) COLLATE utf8mb4_unicode_ci NOT NULL,
  `payload` longtext COLLATE utf8mb4_unicode_ci NOT NULL,
  `attempts` tinyint(3) UNSIGNED NOT NULL,
  `reserved_at` int(10) UNSIGNED DEFAULT NULL,
  `available_at` int(10) UNSIGNED NOT NULL,
  `created_at` int(10) UNSIGNED NOT NULL
) ENGINE=InnoDB DEFAULT CHARSET=utf8mb4 COLLATE=utf8mb4_unicode_ci;

-- --------------------------------------------------------

--
-- Table structure for table `migrations`
--

CREATE TABLE `migrations` (
  `id` int(10) UNSIGNED NOT NULL,
  `migration` varchar(191) COLLATE utf8mb4_unicode_ci NOT NULL,
  `batch` int(11) NOT NULL
) ENGINE=InnoDB DEFAULT CHARSET=utf8mb4 COLLATE=utf8mb4_unicode_ci;

--
-- Dumping data for table `migrations`
--

INSERT INTO `migrations` (`id`, `migration`, `batch`) VALUES
(1, '2014_10_12_000000_create_users_table', 1),
(2, '2014_10_12_100000_create_password_resets_table', 1),
(3, '2016_06_01_000001_create_oauth_auth_codes_table', 1),
(4, '2016_06_01_000002_create_oauth_access_tokens_table', 1),
(5, '2016_06_01_000003_create_oauth_refresh_tokens_table', 1),
(6, '2016_06_01_000004_create_oauth_clients_table', 1),
(7, '2016_06_01_000005_create_oauth_personal_access_clients_table', 1),
(8, '2018_01_01_000000_create_action_events_table', 1),
(9, '2019_05_10_000000_add_fields_to_action_events_table', 1),
(10, '2019_08_19_000000_create_failed_jobs_table', 1),
(11, '2021_04_06_005044_create_artists_table', 1),
(12, '2021_04_06_010547_create_admins_table', 1),
(13, '2021_04_06_011018_create_titles_table', 1),
(14, '2021_04_06_011243_create_title_artist_table', 1),
(15, '2021_04_06_011707_create_file_banks_table', 1),
(16, '2021_04_06_012152_create_packages_table', 1),
(17, '2021_04_06_012747_create_artist_package_table', 1),
(18, '2021_04_10_194918_create_provinces_table', 1),
(19, '2021_04_10_194938_create_counties_table', 1),
(20, '2021_04_10_194951_create_cities_table', 1),
(21, '2021_04_11_211337_create_studios_table', 1),
(22, '2021_05_15_190436_create_carts_table', 1),
(23, '2021_05_15_191303_create_item_cart_table', 1),
(24, '2021_05_15_191325_create_discounts_table', 1),
(25, '2021_05_15_191344_create_transactions_table', 1),
(26, '2021_05_25_133725_create_images_table', 1),
(27, '2021_06_27_191648_create_jobs_table', 1),
(28, '2021_06_27_201952_create_sms_verify_table', 1),
(29, '2021_07_15_031800_create_contact_us_table', 1),
(30, '2021_07_15_214121_create_singing_tests_table', 1);

-- --------------------------------------------------------

--
-- Table structure for table `oauth_access_tokens`
--

CREATE TABLE `oauth_access_tokens` (
  `id` varchar(100) COLLATE utf8mb4_unicode_ci NOT NULL,
  `user_id` bigint(20) UNSIGNED DEFAULT NULL,
  `client_id` bigint(20) UNSIGNED NOT NULL,
  `name` varchar(191) COLLATE utf8mb4_unicode_ci DEFAULT NULL,
  `scopes` text COLLATE utf8mb4_unicode_ci,
  `revoked` tinyint(1) NOT NULL,
  `created_at` timestamp NULL DEFAULT NULL,
  `updated_at` timestamp NULL DEFAULT NULL,
  `expires_at` datetime DEFAULT NULL
) ENGINE=InnoDB DEFAULT CHARSET=utf8mb4 COLLATE=utf8mb4_unicode_ci;

-- --------------------------------------------------------

--
-- Table structure for table `oauth_auth_codes`
--

CREATE TABLE `oauth_auth_codes` (
  `id` varchar(100) COLLATE utf8mb4_unicode_ci NOT NULL,
  `user_id` bigint(20) UNSIGNED NOT NULL,
  `client_id` bigint(20) UNSIGNED NOT NULL,
  `scopes` text COLLATE utf8mb4_unicode_ci,
  `revoked` tinyint(1) NOT NULL,
  `expires_at` datetime DEFAULT NULL
) ENGINE=InnoDB DEFAULT CHARSET=utf8mb4 COLLATE=utf8mb4_unicode_ci;

-- --------------------------------------------------------

--
-- Table structure for table `oauth_clients`
--

CREATE TABLE `oauth_clients` (
  `id` bigint(20) UNSIGNED NOT NULL,
  `user_id` bigint(20) UNSIGNED DEFAULT NULL,
  `name` varchar(191) COLLATE utf8mb4_unicode_ci NOT NULL,
  `secret` varchar(100) COLLATE utf8mb4_unicode_ci DEFAULT NULL,
  `provider` varchar(191) COLLATE utf8mb4_unicode_ci DEFAULT NULL,
  `redirect` text COLLATE utf8mb4_unicode_ci NOT NULL,
  `personal_access_client` tinyint(1) NOT NULL,
  `password_client` tinyint(1) NOT NULL,
  `revoked` tinyint(1) NOT NULL,
  `created_at` timestamp NULL DEFAULT NULL,
  `updated_at` timestamp NULL DEFAULT NULL
) ENGINE=InnoDB DEFAULT CHARSET=utf8mb4 COLLATE=utf8mb4_unicode_ci;

--
-- Dumping data for table `oauth_clients`
--

INSERT INTO `oauth_clients` (`id`, `user_id`, `name`, `secret`, `provider`, `redirect`, `personal_access_client`, `password_client`, `revoked`, `created_at`, `updated_at`) VALUES
(1, NULL, 'SazVaSeda Personal Access Client', '0ihL4WQKqCkzAThFtkHIzcvynNgwH8dwJx0UzkIJ', NULL, 'http://localhost', 1, 0, 0, '2021-07-22 08:59:22', '2021-07-22 08:59:22'),
(2, NULL, 'SazVaSeda Password Grant Client', 'sl78K0WtxlDHF5SLuEpIdAp4yNjq2knqkwt9ps3J', 'users', 'http://localhost', 0, 1, 0, '2021-07-22 08:59:22', '2021-07-22 08:59:22');

-- --------------------------------------------------------

--
-- Table structure for table `oauth_personal_access_clients`
--

CREATE TABLE `oauth_personal_access_clients` (
  `id` bigint(20) UNSIGNED NOT NULL,
  `client_id` bigint(20) UNSIGNED NOT NULL,
  `created_at` timestamp NULL DEFAULT NULL,
  `updated_at` timestamp NULL DEFAULT NULL
) ENGINE=InnoDB DEFAULT CHARSET=utf8mb4 COLLATE=utf8mb4_unicode_ci;

--
-- Dumping data for table `oauth_personal_access_clients`
--

INSERT INTO `oauth_personal_access_clients` (`id`, `client_id`, `created_at`, `updated_at`) VALUES
(1, 1, '2021-07-22 08:59:22', '2021-07-22 08:59:22');

-- --------------------------------------------------------

--
-- Table structure for table `oauth_refresh_tokens`
--

CREATE TABLE `oauth_refresh_tokens` (
  `id` varchar(100) COLLATE utf8mb4_unicode_ci NOT NULL,
  `access_token_id` varchar(100) COLLATE utf8mb4_unicode_ci NOT NULL,
  `revoked` tinyint(1) NOT NULL,
  `expires_at` datetime DEFAULT NULL
) ENGINE=InnoDB DEFAULT CHARSET=utf8mb4 COLLATE=utf8mb4_unicode_ci;

-- --------------------------------------------------------

--
-- Table structure for table `packages`
--

CREATE TABLE `packages` (
  `id` bigint(20) UNSIGNED NOT NULL,
  `name` varchar(120) COLLATE utf8mb4_unicode_ci NOT NULL,
  `user_id` bigint(20) UNSIGNED NOT NULL,
  `price` decimal(15,0) NOT NULL,
  `delivery_time` int(11) NOT NULL,
  `image` varchar(191) COLLATE utf8mb4_unicode_ci NOT NULL,
  `description` text COLLATE utf8mb4_unicode_ci,
  `po_number` int(11) NOT NULL DEFAULT '0',
  `is_active` tinyint(1) NOT NULL DEFAULT '0',
  `is_viewable` tinyint(1) NOT NULL DEFAULT '0',
  `created_at` timestamp NULL DEFAULT NULL,
  `updated_at` timestamp NULL DEFAULT NULL
) ENGINE=InnoDB DEFAULT CHARSET=utf8mb4 COLLATE=utf8mb4_unicode_ci;

--
-- Dumping data for table `packages`
--

INSERT INTO `packages` (`id`, `name`, `user_id`, `price`, `delivery_time`, `image`, `description`, `po_number`, `is_active`, `is_viewable`, `created_at`, `updated_at`) VALUES
(1, 'پکیج فرتاش', 46, '16000', 30, 'public/faker/package/6.jpg', NULL, 0, 0, 0, '2021-07-22 09:00:35', '2021-07-22 09:00:35'),
(2, 'پکیج پویان', 19, '43600', 30, 'public/faker/package/1.jpg', NULL, 0, 1, 0, '2021-07-22 09:00:35', '2021-07-22 09:00:35'),
(3, 'پکیج زرسا', 40, '27400', 20, 'public/faker/package/2.jpg', NULL, 0, 0, 0, '2021-07-22 09:00:35', '2021-07-22 09:00:35'),
(4, 'پکیج آیسا', 11, '47500', 30, 'public/faker/package/7.jpg', NULL, 0, 0, 1, '2021-07-22 09:00:35', '2021-07-22 09:00:35'),
(5, 'پکیج دابا', 61, '40000', 40, 'public/faker/package/6.jpg', NULL, 0, 0, 1, '2021-07-22 09:00:35', '2021-07-22 09:00:35'),
(6, 'پکیج اکرم', 38, '19900', 30, 'public/faker/package/4.jpg', NULL, 0, 0, 0, '2021-07-22 09:00:35', '2021-07-22 09:00:35'),
(7, 'پکیج آریارمنا', 7, '49200', 50, 'public/faker/package/1.jpg', NULL, 0, 0, 1, '2021-07-22 09:00:35', '2021-07-22 09:00:35'),
(8, 'پکیج کیانوش', 52, '42500', 40, 'public/faker/package/8.jpg', NULL, 0, 0, 1, '2021-07-22 09:00:35', '2021-07-22 09:00:35'),
(9, 'پکیج ملاحت', 51, '24200', 10, 'public/faker/package/2.jpg', NULL, 0, 0, 0, '2021-07-22 09:00:35', '2021-07-22 09:00:35'),
(10, 'پکیج ارجمند', 9, '45900', 50, 'public/faker/package/2.jpg', NULL, 0, 0, 0, '2021-07-22 09:00:35', '2021-07-22 09:00:35'),
(11, 'پکیج فرخاد', 47, '40200', 50, 'public/faker/package/1.jpg', NULL, 0, 0, 1, '2021-07-22 09:00:36', '2021-07-22 09:00:36'),
(12, 'پکیج یازان', 24, '39800', 20, 'public/faker/package/2.jpg', NULL, 0, 1, 0, '2021-07-22 09:00:36', '2021-07-22 09:00:36'),
(13, 'پکیج رونق', 15, '41700', 50, 'public/faker/package/7.jpg', NULL, 0, 0, 1, '2021-07-22 09:00:36', '2021-07-22 09:00:36'),
(14, 'پکیج رازان', 53, '29900', 10, 'public/faker/package/5.jpg', NULL, 0, 1, 0, '2021-07-22 09:00:36', '2021-07-22 09:00:36'),
(15, 'پکیج گردیا', 32, '31300', 40, 'public/faker/package/4.jpg', NULL, 0, 0, 0, '2021-07-22 09:00:36', '2021-07-22 09:00:36'),
(16, 'پکیج تینوش', 53, '23500', 40, 'public/faker/package/3.jpg', NULL, 0, 1, 1, '2021-07-22 09:00:36', '2021-07-22 09:00:36'),
(17, 'پکیج آتنا', 48, '44500', 30, 'public/faker/package/5.jpg', NULL, 0, 0, 0, '2021-07-22 09:00:36', '2021-07-22 09:00:36'),
(18, 'پکیج کاوان', 35, '34100', 40, 'public/faker/package/5.jpg', NULL, 0, 0, 0, '2021-07-22 09:00:36', '2021-07-22 09:00:36'),
(19, 'پکیج لهراسب', 34, '44700', 40, 'public/faker/package/2.jpg', NULL, 0, 0, 0, '2021-07-22 09:00:36', '2021-07-22 09:00:36'),
(20, 'پکیج زیبا', 30, '30000', 50, 'public/faker/package/5.jpg', NULL, 0, 1, 1, '2021-07-22 09:00:36', '2021-07-22 09:00:36');

-- --------------------------------------------------------

--
-- Table structure for table `password_resets`
--

CREATE TABLE `password_resets` (
  `email` varchar(191) COLLATE utf8mb4_unicode_ci NOT NULL,
  `token` varchar(191) COLLATE utf8mb4_unicode_ci NOT NULL,
  `created_at` timestamp NULL DEFAULT NULL
) ENGINE=InnoDB DEFAULT CHARSET=utf8mb4 COLLATE=utf8mb4_unicode_ci;

-- --------------------------------------------------------

--
-- Table structure for table `provinces`
--

CREATE TABLE `provinces` (
  `id` smallint(5) UNSIGNED NOT NULL,
  `name` varchar(50) COLLATE utf8mb4_unicode_ci NOT NULL,
  `created_at` timestamp NULL DEFAULT NULL,
  `updated_at` timestamp NULL DEFAULT NULL
) ENGINE=InnoDB DEFAULT CHARSET=utf8mb4 COLLATE=utf8mb4_unicode_ci;

--
-- Dumping data for table `provinces`
--

INSERT INTO `provinces` (`id`, `name`, `created_at`, `updated_at`) VALUES
(1, 'آذربایجان شرقی', NULL, NULL),
(2, 'آذربایجان غربی', NULL, NULL),
(3, 'اردبیل', NULL, NULL),
(4, 'اصفهان', NULL, NULL),
(5, 'البرز', NULL, NULL),
(6, 'ایلام', NULL, NULL),
(7, 'بوشهر', NULL, NULL),
(8, 'تهران', NULL, NULL),
(9, 'چهارمحال وبختیاری', NULL, NULL),
(10, 'خراسان جنوبی', NULL, NULL),
(11, 'خراسان رضوی', NULL, NULL),
(12, 'خراسان شمالی', NULL, NULL),
(13, 'خوزستان', NULL, NULL),
(14, 'زنجان', NULL, NULL),
(15, 'سمنان', NULL, NULL),
(16, 'سیستان وبلوچستان', NULL, NULL),
(17, 'فارس', NULL, NULL),
(18, 'قزوین', NULL, NULL),
(19, 'قم', NULL, NULL),
(20, 'کردستان', NULL, NULL),
(21, 'کرمان', NULL, NULL),
(22, 'کرمانشاه', NULL, NULL),
(23, 'کهگیلویه وبویراحمد', NULL, NULL),
(24, 'گلستان', NULL, NULL),
(25, 'گیلان', NULL, NULL),
(26, 'لرستان', NULL, NULL),
(27, 'مازندران', NULL, NULL),
(28, 'مرکزی', NULL, NULL),
(29, 'هرمزگان', NULL, NULL),
(30, 'همدان', NULL, NULL),
(31, 'یزد', NULL, NULL);

-- --------------------------------------------------------

--
-- Table structure for table `singing_tests`
--

CREATE TABLE `singing_tests` (
  `id` bigint(20) UNSIGNED NOT NULL,
  `user_id` bigint(20) UNSIGNED NOT NULL,
  `file` varchar(191) COLLATE utf8mb4_unicode_ci NOT NULL,
  `description` text COLLATE utf8mb4_unicode_ci,
  `response` text COLLATE utf8mb4_unicode_ci,
  `has_been_answered` tinyint(1) NOT NULL DEFAULT '0',
  `created_at` timestamp NULL DEFAULT NULL,
  `updated_at` timestamp NULL DEFAULT NULL
) ENGINE=InnoDB DEFAULT CHARSET=utf8mb4 COLLATE=utf8mb4_unicode_ci;

-- --------------------------------------------------------

--
-- Table structure for table `sms_verify`
--

CREATE TABLE `sms_verify` (
  `id` bigint(20) UNSIGNED NOT NULL,
  `mobile` varchar(11) COLLATE utf8mb4_unicode_ci NOT NULL,
  `code` varchar(6) COLLATE utf8mb4_unicode_ci DEFAULT NULL,
  `approved` tinyint(1) NOT NULL DEFAULT '0',
  `expiration_date` datetime DEFAULT NULL,
  `created_at` timestamp NULL DEFAULT NULL,
  `updated_at` timestamp NULL DEFAULT NULL
) ENGINE=InnoDB DEFAULT CHARSET=utf8mb4 COLLATE=utf8mb4_unicode_ci;

-- --------------------------------------------------------

--
-- Table structure for table `studios`
--

CREATE TABLE `studios` (
  `id` bigint(20) UNSIGNED NOT NULL,
  `name` varchar(120) COLLATE utf8mb4_unicode_ci NOT NULL,
  `user_id` bigint(20) UNSIGNED NOT NULL,
  `address` varchar(191) COLLATE utf8mb4_unicode_ci NOT NULL,
  `price` decimal(15,0) NOT NULL,
  `description` text COLLATE utf8mb4_unicode_ci,
  `status` enum('PENDING','APPROVAL','FAILED') COLLATE utf8mb4_unicode_ci NOT NULL DEFAULT 'APPROVAL',
  `is_active` tinyint(1) NOT NULL DEFAULT '0',
  `city_id` smallint(5) UNSIGNED NOT NULL,
  `time` json DEFAULT NULL,
  `created_at` timestamp NULL DEFAULT NULL,
  `updated_at` timestamp NULL DEFAULT NULL
) ENGINE=InnoDB DEFAULT CHARSET=utf8mb4 COLLATE=utf8mb4_unicode_ci;

--
-- Dumping data for table `studios`
--

INSERT INTO `studios` (`id`, `name`, `user_id`, `address`, `price`, `description`, `status`, `is_active`, `city_id`, `time`, `created_at`, `updated_at`) VALUES
(1, 'استدیو سامی', 19, 'استان همدان خیابان پازوکی ساختمان داریان', '23400', NULL, 'APPROVAL', 1, 864, NULL, '2021-07-22 09:00:45', '2021-07-22 09:00:45'),
(2, 'استدیو پیدافر', 21, 'هرمزگان خیابان لاجوردی ساختمان سیتا', '33200', NULL, 'APPROVAL', 0, 65, NULL, '2021-07-22 09:00:45', '2021-07-22 09:00:45'),
(3, 'استدیو هیرسا', 21, 'خراسان جنوبی خیابان نیلوفری ساختمان آهو کد پستی 8987919876', '40400', NULL, 'APPROVAL', 1, 962, NULL, '2021-07-22 09:00:45', '2021-07-22 09:00:45'),
(4, 'استدیو بهرامن', 33, 'مرکزی خیابان مرادخانی ساختمان بارین قطعه 16 کد پستی 8926712531', '26200', NULL, 'APPROVAL', 0, 310, NULL, '2021-07-22 09:00:45', '2021-07-22 09:00:45'),
(5, 'استدیو فرخروز', 18, 'هرمزگان خیابان میرزاده ساختمان موژان', '61900', NULL, 'PENDING', 1, 839, NULL, '2021-07-22 09:00:45', '2021-07-22 09:00:45'),
(6, 'استدیو بلاش', 22, 'البرز خیابان محمدی ساختمان شهرا قطعه 80 کد پستی 4622222678', '20300', NULL, 'APPROVAL', 1, 30, NULL, '2021-07-22 09:00:45', '2021-07-22 09:00:45'),
(7, 'استدیو فاریا', 43, 'قم خیابان ادیانی ساختمان غزاله کد پستی 9681052361', '42200', NULL, 'APPROVAL', 1, 602, NULL, '2021-07-22 09:00:45', '2021-07-22 09:00:45'),
(8, 'استدیو راوک', 10, 'استان گلستان خیابان توفیق ساختمان ثمینا', '32600', NULL, 'PENDING', 0, 335, NULL, '2021-07-22 09:00:45', '2021-07-22 09:00:45'),
(9, 'استدیو فرناد', 38, 'استان یزد خیابان نیلوفری ساختمان الهام کد پستی 4907294514', '59600', NULL, 'FAILED', 1, 45, NULL, '2021-07-22 09:00:45', '2021-07-22 09:00:45'),
(10, 'استدیو ماهرخ', 24, 'خراسان جنوبی خیابان ابریشمی ساختمان یزدانفر قطعه 83', '16500', NULL, 'PENDING', 1, 666, NULL, '2021-07-22 09:00:45', '2021-07-22 09:00:45'),
(11, 'استدیو بهمرد', 19, 'استان کرمان خیابان آریان‌پور ساختمان پریوش کد پستی 8852775318', '51400', NULL, 'APPROVAL', 0, 413, NULL, '2021-07-22 09:00:45', '2021-07-22 09:00:45'),
(12, 'استدیو آصف', 49, 'گلستان خیابان درگاهی ساختمان سالومه', '37800', NULL, 'PENDING', 0, 1068, NULL, '2021-07-22 09:00:45', '2021-07-22 09:00:45'),
(13, 'استدیو ارسیا', 45, 'استان قزوین خیابان آژند ساختمان آتوسا کد پستی 2176870806', '31900', NULL, 'PENDING', 1, 390, NULL, '2021-07-22 09:00:45', '2021-07-22 09:00:45'),
(14, 'استدیو فرح', 22, 'همدان خیابان کاکاوند ساختمان هومان کد پستی 8538118285', '35200', NULL, 'FAILED', 0, 776, NULL, '2021-07-22 09:00:45', '2021-07-22 09:00:45'),
(15, 'استدیو فرنود', 9, 'استان خراسان جنوبی خیابان چنگیزی ساختمان روشانه پلاک 78 کد پستی 8586946212', '38900', NULL, 'PENDING', 1, 889, NULL, '2021-07-22 09:00:45', '2021-07-22 09:00:45'),
(16, 'استدیو دنیاناز', 57, 'فارس خیابان ابطحی ساختمان سیرمان پلاک 31', '56200', NULL, 'FAILED', 0, 984, NULL, '2021-07-22 09:00:45', '2021-07-22 09:00:45'),
(17, 'استدیو پسند', 32, 'استان همدان خیابان سپه‌وند ساختمان مهان', '36800', NULL, 'APPROVAL', 0, 929, NULL, '2021-07-22 09:00:45', '2021-07-22 09:00:45'),
(18, 'استدیو آیلین', 38, 'استان اصفهان خیابان ابریشمی ساختمان عظیم', '11400', NULL, 'APPROVAL', 0, 391, NULL, '2021-07-22 09:00:45', '2021-07-22 09:00:45'),
(19, 'استدیو بابک', 43, 'اصفهان خیابان مرتضوی ساختمان برخیا کد پستی 5385071243', '34600', NULL, 'APPROVAL', 1, 637, NULL, '2021-07-22 09:00:45', '2021-07-22 09:00:45'),
(20, 'استدیو کامینه', 59, 'استان سمنان خیابان هومن ساختمان روشن کد پستی 0303574610', '24000', NULL, 'FAILED', 1, 713, NULL, '2021-07-22 09:00:45', '2021-07-22 09:00:45'),
(21, 'استدیو رخشان', 57, 'استان مازندران خیابان آهی ساختمان نیکنیا کد پستی 5332144540', '30200', NULL, 'FAILED', 0, 641, NULL, '2021-07-22 09:00:45', '2021-07-22 09:00:45'),
(22, 'استدیو سمراد', 48, 'استان اصفهان خیابان ترکاشوند ساختمان عذرا قطعه 51 کد پستی 5539142024', '48900', NULL, 'FAILED', 0, 1229, NULL, '2021-07-22 09:00:45', '2021-07-22 09:00:45'),
(23, 'استدیو شولان', 7, 'استان لرستان خیابان آیتی ساختمان الفت قطعه 86 کد پستی 2244159585', '43800', NULL, 'APPROVAL', 1, 150, NULL, '2021-07-22 09:00:45', '2021-07-22 09:00:45'),
(24, 'استدیو پریچهر', 13, 'قم خیابان عبادی ساختمان گیسو', '34400', NULL, 'FAILED', 1, 794, NULL, '2021-07-22 09:00:45', '2021-07-22 09:00:45'),
(25, 'استدیو صابره', 13, 'استان فارس خیابان همت ساختمان طاهر کد پستی 9268435419', '25200', NULL, 'APPROVAL', 0, 1211, NULL, '2021-07-22 09:00:45', '2021-07-22 09:00:45'),
(26, 'استدیو شیرین', 36, 'خوزستان خیابان علی‌زمانی ساختمان امین کد پستی 3346444104', '36000', NULL, 'APPROVAL', 1, 1137, NULL, '2021-07-22 09:00:46', '2021-07-22 09:00:46'),
(27, 'استدیو رادبد', 28, 'استان زنجان خیابان راسخ ساختمان یحیی', '36600', NULL, 'FAILED', 1, 330, NULL, '2021-07-22 09:00:46', '2021-07-22 09:00:46'),
(28, 'استدیو فرشیدورد', 30, 'استان مرکزی خیابان همت ساختمان فرهود قطعه 79 کد پستی 2953555573', '32200', NULL, 'APPROVAL', 1, 754, NULL, '2021-07-22 09:00:46', '2021-07-22 09:00:46'),
(29, 'استدیو شهراب', 15, 'بوشهر خیابان بزرگی ساختمان شاهنگ کد پستی 9507322813', '60900', NULL, 'FAILED', 0, 21, NULL, '2021-07-22 09:00:46', '2021-07-22 09:00:46'),
(30, 'استدیو مهرام', 50, 'کهگیلویه و بویراحمد خیابان مرادخانی ساختمان ردیمه', '58800', NULL, 'FAILED', 0, 1128, NULL, '2021-07-22 09:00:46', '2021-07-22 09:00:46'),
(31, 'استدیو برزو', 21, 'استان کرمانشاه خیابان بهاور ساختمان هژیر قطعه 66', '61200', NULL, 'APPROVAL', 0, 715, NULL, '2021-07-22 09:00:46', '2021-07-22 09:00:46'),
(32, 'استدیو رامبهشت', 8, 'استان بوشهر خیابان ملکیان ساختمان نورانگیز', '44000', NULL, 'FAILED', 0, 848, NULL, '2021-07-22 09:00:46', '2021-07-22 09:00:46'),
(33, 'استدیو پشنگ', 23, 'اصفهان خیابان خوئینی‌ها ساختمان جمشید کد پستی 6233410339', '38100', NULL, 'APPROVAL', 1, 124, NULL, '2021-07-22 09:00:46', '2021-07-22 09:00:46'),
(34, 'استدیو رضوان', 5, 'استان کهگیلویه و بویراحمد خیابان یاحقی ساختمان افتخار', '43800', NULL, 'FAILED', 0, 539, NULL, '2021-07-22 09:00:46', '2021-07-22 09:00:46'),
(35, 'استدیو شهریار', 33, 'مرکزی خیابان فروتن ساختمان سیاوش کد پستی 7113053532', '27500', NULL, 'APPROVAL', 0, 1159, NULL, '2021-07-22 09:00:46', '2021-07-22 09:00:46'),
(36, 'استدیو شهره', 23, 'قزوین خیابان کرمانی ساختمان عادل کد پستی 9191517145', '37800', NULL, 'PENDING', 0, 961, NULL, '2021-07-22 09:00:46', '2021-07-22 09:00:46'),
(37, 'استدیو شیده', 25, 'سمنان خیابان حکمی ساختمان فریمهر قطعه 94 کد پستی 8029673109', '69100', NULL, 'FAILED', 1, 725, NULL, '2021-07-22 09:00:46', '2021-07-22 09:00:46'),
(38, 'استدیو نیکان', 51, 'استان چهارمحال و بختیاری خیابان دستغیب ساختمان رخشان قطعه 31 کد پستی 0591069907', '38000', NULL, 'FAILED', 1, 260, NULL, '2021-07-22 09:00:46', '2021-07-22 09:00:46'),
(39, 'استدیو فرنگیس', 60, 'چهارمحال و بختیاری خیابان فاطمی ساختمان فرّخزاد پلاک 62 کد پستی 3061429584', '65800', NULL, 'PENDING', 0, 57, NULL, '2021-07-22 09:00:46', '2021-07-22 09:00:46'),
(40, 'استدیو بامشاد', 26, 'آذربایجان شرقی خیابان پارسی ساختمان جهان', '38800', NULL, 'PENDING', 0, 454, NULL, '2021-07-22 09:00:46', '2021-07-22 09:00:46'),
(41, 'استدیو آبان', 40, 'گلستان خیابان عارف ساختمان شهرداد قطعه 16 کد پستی 7746799753', '10500', NULL, 'FAILED', 1, 467, NULL, '2021-07-22 09:00:46', '2021-07-22 09:00:46'),
(42, 'استدیو درنا', 20, 'استان لرستان خیابان مجتهد ساختمان یاوند پلاک 41', '34200', NULL, 'PENDING', 0, 868, NULL, '2021-07-22 09:00:46', '2021-07-22 09:00:46'),
(43, 'استدیو بهتام', 36, 'استان البرز خیابان سپه‌وند ساختمان رخشاد پلاک 13 کد پستی 6585091760', '16300', NULL, 'APPROVAL', 0, 919, NULL, '2021-07-22 09:00:46', '2021-07-22 09:00:46'),
(44, 'استدیو تابا', 28, 'استان مرکزی خیابان ابتکار ساختمان نزهت کد پستی 4575876016', '60500', NULL, 'FAILED', 0, 70, NULL, '2021-07-22 09:00:46', '2021-07-22 09:00:46'),
(45, 'استدیو بینا', 60, 'استان آذربایجان شرقی خیابان آدینه ساختمان پرندیس پلاک 55', '60000', NULL, 'APPROVAL', 0, 148, NULL, '2021-07-22 09:00:46', '2021-07-22 09:00:46'),
(46, 'استدیو پارسا', 45, 'استان زنجان خیابان فروتن ساختمان هارون کد پستی 5444365114', '54700', NULL, 'FAILED', 0, 26, NULL, '2021-07-22 09:00:46', '2021-07-22 09:00:46'),
(47, 'استدیو تارا', 16, 'قم خیابان رنجبر ساختمان نویان کد پستی 6256087341', '68300', NULL, 'PENDING', 1, 507, NULL, '2021-07-22 09:00:46', '2021-07-22 09:00:46'),
(48, 'استدیو مهرشاد', 54, 'اردبیل خیابان محمدی ساختمان پرخیده قطعه 22', '34300', NULL, 'FAILED', 0, 105, NULL, '2021-07-22 09:00:46', '2021-07-22 09:00:46'),
(49, 'استدیو مرجان', 47, 'استان خراسان رضوی خیابان باغچه‌بان ساختمان عظیم', '57600', NULL, 'FAILED', 1, 724, NULL, '2021-07-22 09:00:46', '2021-07-22 09:00:46'),
(50, 'استدیو پیام', 18, 'خراسان جنوبی خیابان طباطبائی ساختمان ساویس', '52800', NULL, 'PENDING', 1, 587, NULL, '2021-07-22 09:00:46', '2021-07-22 09:00:46');

-- --------------------------------------------------------

--
-- Table structure for table `titles`
--

CREATE TABLE `titles` (
  `id` bigint(20) UNSIGNED NOT NULL,
  `name` varchar(50) COLLATE utf8mb4_unicode_ci NOT NULL,
  `description` text COLLATE utf8mb4_unicode_ci,
  `created_at` timestamp NULL DEFAULT NULL,
  `updated_at` timestamp NULL DEFAULT NULL
) ENGINE=InnoDB DEFAULT CHARSET=utf8mb4 COLLATE=utf8mb4_unicode_ci;

--
-- Dumping data for table `titles`
--

INSERT INTO `titles` (`id`, `name`, `description`, `created_at`, `updated_at`) VALUES
(1, 'مهارت افشین', NULL, '2021-07-22 09:00:34', '2021-07-22 09:00:34'),
(2, 'مهارت سوگلی', NULL, '2021-07-22 09:00:34', '2021-07-22 09:00:34'),
(3, 'مهارت غنچه', NULL, '2021-07-22 09:00:34', '2021-07-22 09:00:34'),
(4, 'مهارت باستین', NULL, '2021-07-22 09:00:34', '2021-07-22 09:00:34'),
(5, 'مهارت یاقوت', NULL, '2021-07-22 09:00:34', '2021-07-22 09:00:34'),
(6, 'مهارت موجان', NULL, '2021-07-22 09:00:34', '2021-07-22 09:00:34'),
(7, 'مهارت فروزان', NULL, '2021-07-22 09:00:34', '2021-07-22 09:00:34'),
(8, 'مهارت هدیه', NULL, '2021-07-22 09:00:34', '2021-07-22 09:00:34'),
(9, 'مهارت رقیّه', NULL, '2021-07-22 09:00:34', '2021-07-22 09:00:34'),
(10, 'مهارت انارام', NULL, '2021-07-22 09:00:34', '2021-07-22 09:00:34'),
(11, 'مهارت فریور', NULL, '2021-07-22 09:00:35', '2021-07-22 09:00:35'),
(12, 'مهارت به آذر', NULL, '2021-07-22 09:00:35', '2021-07-22 09:00:35'),
(13, 'مهارت علی', NULL, '2021-07-22 09:00:35', '2021-07-22 09:00:35'),
(14, 'مهارت نیرَم', NULL, '2021-07-22 09:00:35', '2021-07-22 09:00:35'),
(15, 'مهارت دولت', NULL, '2021-07-22 09:00:35', '2021-07-22 09:00:35'),
(16, 'مهارت ربابه', NULL, '2021-07-22 09:00:35', '2021-07-22 09:00:35'),
(17, 'مهارت حامی', NULL, '2021-07-22 09:00:35', '2021-07-22 09:00:35'),
(18, 'مهارت ایرج', NULL, '2021-07-22 09:00:35', '2021-07-22 09:00:35'),
(19, 'مهارت سپیدا', NULL, '2021-07-22 09:00:35', '2021-07-22 09:00:35'),
(20, 'مهارت حریره', NULL, '2021-07-22 09:00:35', '2021-07-22 09:00:35');

-- --------------------------------------------------------

--
-- Table structure for table `title_artist`
--

CREATE TABLE `title_artist` (
  `id` bigint(20) UNSIGNED NOT NULL,
  `artist_id` bigint(20) UNSIGNED NOT NULL,
  `title_id` bigint(20) UNSIGNED NOT NULL,
  `accept_order` tinyint(1) NOT NULL DEFAULT '0',
  `order_price` decimal(15,0) NOT NULL DEFAULT '0',
  `description` varchar(191) COLLATE utf8mb4_unicode_ci DEFAULT NULL,
  `created_at` timestamp NULL DEFAULT NULL,
  `updated_at` timestamp NULL DEFAULT NULL
) ENGINE=InnoDB DEFAULT CHARSET=utf8mb4 COLLATE=utf8mb4_unicode_ci;

--
-- Dumping data for table `title_artist`
--

INSERT INTO `title_artist` (`id`, `artist_id`, `title_id`, `accept_order`, `order_price`, `description`, `created_at`, `updated_at`) VALUES
(1, 29, 4, 0, '0', NULL, NULL, NULL),
(2, 24, 19, 1, '50000', NULL, NULL, NULL),
(3, 1, 16, 1, '40000', NULL, NULL, NULL),
(4, 35, 17, 0, '0', NULL, NULL, NULL),
(5, 40, 18, 0, '0', NULL, NULL, NULL),
(6, 29, 11, 1, '20000', NULL, NULL, NULL),
(7, 28, 11, 0, '0', NULL, NULL, NULL),
(8, 39, 20, 0, '0', NULL, NULL, NULL),
(9, 18, 15, 1, '0', NULL, NULL, NULL),
(10, 34, 5, 1, '20000', NULL, NULL, NULL),
(11, 4, 13, 0, '0', NULL, NULL, NULL),
(12, 7, 11, 1, '10000', NULL, NULL, NULL),
(13, 28, 20, 1, '0', NULL, NULL, NULL),
(14, 2, 10, 0, '0', NULL, NULL, NULL),
(15, 34, 8, 1, '20000', NULL, NULL, NULL),
(16, 23, 11, 1, '50000', NULL, NULL, NULL),
(17, 9, 3, 0, '0', NULL, NULL, NULL),
(18, 35, 7, 0, '0', NULL, NULL, NULL),
(19, 9, 6, 1, '10000', NULL, NULL, NULL),
(20, 2, 12, 0, '0', NULL, NULL, NULL),
(21, 21, 19, 0, '0', NULL, NULL, NULL),
(22, 19, 7, 1, '0', NULL, NULL, NULL),
(23, 17, 8, 0, '0', NULL, NULL, NULL),
(24, 31, 2, 1, '0', NULL, NULL, NULL),
(25, 20, 14, 1, '30000', NULL, NULL, NULL),
(26, 39, 3, 1, '30000', NULL, NULL, NULL),
(27, 34, 18, 0, '0', NULL, NULL, NULL),
(28, 2, 15, 0, '0', NULL, NULL, NULL),
(29, 23, 5, 1, '40000', NULL, NULL, NULL),
(30, 12, 16, 0, '0', NULL, NULL, NULL),
(31, 8, 7, 0, '0', NULL, NULL, NULL),
(32, 28, 4, 1, '40000', NULL, NULL, NULL),
(33, 14, 14, 1, '20000', NULL, NULL, NULL),
(34, 37, 12, 0, '0', NULL, NULL, NULL),
(35, 29, 13, 0, '0', NULL, NULL, NULL),
(36, 21, 5, 1, '50000', NULL, NULL, NULL),
(37, 33, 11, 0, '0', NULL, NULL, NULL),
(38, 32, 2, 0, '0', NULL, NULL, NULL),
(39, 13, 16, 0, '0', NULL, NULL, NULL),
(40, 2, 19, 1, '40000', NULL, NULL, NULL),
(41, 26, 18, 0, '0', NULL, NULL, NULL),
(42, 13, 3, 1, '20000', NULL, NULL, NULL),
(43, 15, 14, 0, '0', NULL, NULL, NULL),
(44, 10, 2, 1, '50000', NULL, NULL, NULL),
(45, 40, 13, 1, '50000', NULL, NULL, NULL),
(46, 26, 5, 0, '0', NULL, NULL, NULL),
(47, 23, 12, 0, '0', NULL, NULL, NULL),
(48, 7, 10, 0, '0', NULL, NULL, NULL),
(49, 7, 15, 1, '30000', NULL, NULL, NULL),
(50, 25, 14, 1, '40000', NULL, NULL, NULL),
(51, 13, 17, 0, '0', NULL, NULL, NULL),
(52, 12, 13, 1, '0', NULL, NULL, NULL),
(53, 3, 19, 1, '0', NULL, NULL, NULL),
(54, 1, 10, 0, '0', NULL, NULL, NULL),
(55, 15, 4, 1, '0', NULL, NULL, NULL);

-- --------------------------------------------------------

--
-- Table structure for table `transactions`
--

CREATE TABLE `transactions` (
  `id` bigint(20) UNSIGNED NOT NULL,
  `amount` decimal(15,0) NOT NULL,
  `factor_number` varchar(10) COLLATE utf8mb4_unicode_ci NOT NULL,
  `card_number` varchar(16) COLLATE utf8mb4_unicode_ci DEFAULT NULL,
  `cart_id` bigint(20) UNSIGNED NOT NULL,
  `discount_id` bigint(20) UNSIGNED DEFAULT NULL,
  `condition` enum('PENDING','SUCCESSFUL','FAILED','NOSERVICE') COLLATE utf8mb4_unicode_ci NOT NULL DEFAULT 'PENDING',
  `date_paid` datetime DEFAULT NULL,
  `created_at` timestamp NULL DEFAULT NULL,
  `updated_at` timestamp NULL DEFAULT NULL
) ENGINE=InnoDB DEFAULT CHARSET=utf8mb4 COLLATE=utf8mb4_unicode_ci;

-- --------------------------------------------------------

--
-- Table structure for table `users`
--

CREATE TABLE `users` (
  `id` bigint(20) UNSIGNED NOT NULL,
  `first_name` varchar(75) COLLATE utf8mb4_unicode_ci NOT NULL,
  `last_name` varchar(75) COLLATE utf8mb4_unicode_ci NOT NULL,
  `mobile` varchar(11) COLLATE utf8mb4_unicode_ci NOT NULL,
  `email` varchar(150) COLLATE utf8mb4_unicode_ci NOT NULL,
  `stock` int(11) NOT NULL DEFAULT '0',
  `melli_code` varchar(10) COLLATE utf8mb4_unicode_ci DEFAULT NULL,
  `iban` varchar(26) COLLATE utf8mb4_unicode_ci DEFAULT NULL,
  `is_approved` tinyint(1) NOT NULL DEFAULT '1',
  `email_verified_at` timestamp NULL DEFAULT NULL,
  `password` varchar(191) COLLATE utf8mb4_unicode_ci NOT NULL,
  `remember_token` varchar(100) COLLATE utf8mb4_unicode_ci DEFAULT NULL,
  `created_at` timestamp NULL DEFAULT NULL,
  `updated_at` timestamp NULL DEFAULT NULL
) ENGINE=InnoDB DEFAULT CHARSET=utf8mb4 COLLATE=utf8mb4_unicode_ci;

--
-- Dumping data for table `users`
--

INSERT INTO `users` (`id`, `first_name`, `last_name`, `mobile`, `email`, `stock`, `melli_code`, `iban`, `is_approved`, `email_verified_at`, `password`, `remember_token`, `created_at`, `updated_at`) VALUES
(1, 'باب', 'علوی', '09123456789', 'bob@gmail.com', 0, NULL, NULL, 1, NULL, '$2y$10$92IXUNpkjO0rOQ5byMi.Ye4oKoEa3Ro9llC/.og/at2.uheWG/igi', 'YbS2oSjVM0', NULL, NULL),
(2, 'احترام', 'منوچهری', '09705384127', 'stousi@example.com', 0, '2696310424', 'IR649067563939109382872443', 0, '2021-07-22 09:00:31', '$2y$10$92IXUNpkjO0rOQ5byMi.Ye4oKoEa3Ro9llC/.og/at2.uheWG/igi', 'F5tdUalo1Y', '2021-07-22 09:00:31', '2021-07-22 09:00:31'),
(3, 'مهزاد', 'گلپایگانی', '09493856046', 'akbari.anousheh@example.org', 0, '3618280866', 'IR285562054791360244533100', 0, '2021-07-22 09:00:31', '$2y$10$92IXUNpkjO0rOQ5byMi.Ye4oKoEa3Ro9llC/.og/at2.uheWG/igi', 'Qw9DQ9KT3F', '2021-07-22 09:00:31', '2021-07-22 09:00:31'),
(4, 'رازان', 'روحانی', '09317855701', 'farnaz49@example.com', 0, '2735503946', 'IR346475070396330721881528', 1, '2021-07-22 09:00:31', '$2y$10$92IXUNpkjO0rOQ5byMi.Ye4oKoEa3Ro9llC/.og/at2.uheWG/igi', 'b1s2P4KCpw', '2021-07-22 09:00:31', '2021-07-22 09:00:31'),
(5, 'سیامک', 'علی‌زمانی', '09158997692', 'shahryar84@example.com', 0, '2906774026', 'IR036572399898462958728016', 0, '2021-07-22 09:00:31', '$2y$10$92IXUNpkjO0rOQ5byMi.Ye4oKoEa3Ro9llC/.og/at2.uheWG/igi', 'f213KJZA59', '2021-07-22 09:00:31', '2021-07-22 09:00:31'),
(6, 'نیوزاد', 'مصاحب', '09749534671', 'soheila.esfahani@example.net', 0, '9015634806', 'IR551662182740927677460880', 1, '2021-07-22 09:00:31', '$2y$10$92IXUNpkjO0rOQ5byMi.Ye4oKoEa3Ro9llC/.og/at2.uheWG/igi', 'Y9Wsj9X9qA', '2021-07-22 09:00:32', '2021-07-22 09:00:32'),
(7, 'یزدانفر', 'عنایت', '09325848846', 'lyazdani@example.net', 0, '6295464380', 'IR801156262499384497250697', 0, '2021-07-22 09:00:31', '$2y$10$92IXUNpkjO0rOQ5byMi.Ye4oKoEa3Ro9llC/.og/at2.uheWG/igi', 'NESGQ1GpuS', '2021-07-22 09:00:32', '2021-07-22 09:00:32'),
(8, 'ایران دخت', 'میزبانی', '09160189346', 'hirbod49@example.org', 0, '1152788565', 'IR795683107120845845062117', 1, '2021-07-22 09:00:31', '$2y$10$92IXUNpkjO0rOQ5byMi.Ye4oKoEa3Ro9llC/.og/at2.uheWG/igi', 'H5RRPuJ8sC', '2021-07-22 09:00:32', '2021-07-22 09:00:32'),
(9, 'گلبرگ', 'صانعی', '09599834600', 'nkadivar@example.org', 0, '8320454966', 'IR668076913724312090478992', 1, '2021-07-22 09:00:31', '$2y$10$92IXUNpkjO0rOQ5byMi.Ye4oKoEa3Ro9llC/.og/at2.uheWG/igi', 'W8lPWPRsp6', '2021-07-22 09:00:32', '2021-07-22 09:00:32'),
(10, 'چاووش', 'قمیشی', '09823073384', 'soraya.yazdi@example.com', 0, '9602492355', 'IR997300861070291487618575', 1, '2021-07-22 09:00:31', '$2y$10$92IXUNpkjO0rOQ5byMi.Ye4oKoEa3Ro9llC/.og/at2.uheWG/igi', 'dFcOy31ChC', '2021-07-22 09:00:32', '2021-07-22 09:00:32'),
(11, 'مجید', 'لوکس', '09061103418', 'mazdak.hamidi@example.net', 0, '0366133704', 'IR985115668384250185403796', 1, '2021-07-22 09:00:31', '$2y$10$92IXUNpkjO0rOQ5byMi.Ye4oKoEa3Ro9llC/.og/at2.uheWG/igi', 'CRRCYeOzgT', '2021-07-22 09:00:32', '2021-07-22 09:00:32'),
(12, 'نامور', 'عاشوری', '09771510352', 'jalili.sara@example.org', 0, '6832719635', 'IR730064730998068285471257', 0, '2021-07-22 09:00:31', '$2y$10$92IXUNpkjO0rOQ5byMi.Ye4oKoEa3Ro9llC/.og/at2.uheWG/igi', 'iQ3syPjo2J', '2021-07-22 09:00:32', '2021-07-22 09:00:32'),
(13, 'مهین بانو', 'قهرمانیان', '09405057642', 'apashaei@example.com', 0, '5295713080', 'IR063684033711547616299795', 0, '2021-07-22 09:00:31', '$2y$10$92IXUNpkjO0rOQ5byMi.Ye4oKoEa3Ro9llC/.og/at2.uheWG/igi', 'ONvJiEWTed', '2021-07-22 09:00:32', '2021-07-22 09:00:32'),
(14, 'سروشه', 'استادی', '09289730139', 'baraghani.parvin@example.com', 0, '5980956541', 'IR820551873836508941607237', 1, '2021-07-22 09:00:31', '$2y$10$92IXUNpkjO0rOQ5byMi.Ye4oKoEa3Ro9llC/.og/at2.uheWG/igi', 'sSoplHQcQb', '2021-07-22 09:00:32', '2021-07-22 09:00:32'),
(15, 'مهشید', 'مصباح‌زاده', '09954389100', 'soraya98@example.com', 0, '3544151908', 'IR699280074473233850145671', 1, '2021-07-22 09:00:31', '$2y$10$92IXUNpkjO0rOQ5byMi.Ye4oKoEa3Ro9llC/.og/at2.uheWG/igi', 'GaiOPfb4dP', '2021-07-22 09:00:32', '2021-07-22 09:00:32'),
(16, 'شیدوش', 'بختیار', '09156836982', 'maryam.mazanderani@example.net', 0, '1765978845', 'IR209598049614856305326337', 1, '2021-07-22 09:00:31', '$2y$10$92IXUNpkjO0rOQ5byMi.Ye4oKoEa3Ro9llC/.og/at2.uheWG/igi', 'GiYebDUeuR', '2021-07-22 09:00:32', '2021-07-22 09:00:32'),
(17, 'کیهان', 'جهانبگلو', '09956005218', 'tara47@example.net', 0, '4860399070', 'IR812030349596501707129867', 0, '2021-07-22 09:00:31', '$2y$10$92IXUNpkjO0rOQ5byMi.Ye4oKoEa3Ro9llC/.og/at2.uheWG/igi', 'pKYvSu4cc6', '2021-07-22 09:00:32', '2021-07-22 09:00:32'),
(18, 'آتسا', 'علم', '09078340757', 'nasrin12@example.org', 0, '9027295548', 'IR129713884852629793477193', 0, '2021-07-22 09:00:31', '$2y$10$92IXUNpkjO0rOQ5byMi.Ye4oKoEa3Ro9llC/.og/at2.uheWG/igi', 'ZEnxtSkwE1', '2021-07-22 09:00:32', '2021-07-22 09:00:32'),
(19, 'مروارید', 'سپه‌وند', '09439865920', 'xzare@example.com', 0, '1675370816', 'IR286240449293147736588706', 0, '2021-07-22 09:00:31', '$2y$10$92IXUNpkjO0rOQ5byMi.Ye4oKoEa3Ro9llC/.og/at2.uheWG/igi', 'LNnUKnzcDp', '2021-07-22 09:00:32', '2021-07-22 09:00:32'),
(20, 'صابر', 'رهنما', '09759663728', 'baraghani.yasaman@example.com', 0, '9264278593', 'IR346329368087099315500667', 0, '2021-07-22 09:00:31', '$2y$10$92IXUNpkjO0rOQ5byMi.Ye4oKoEa3Ro9llC/.og/at2.uheWG/igi', 'muxq4tw7Q7', '2021-07-22 09:00:32', '2021-07-22 09:00:32'),
(21, 'حمیرا', 'اقلیما', '09335056270', 'rshirazi@example.net', 0, '2767145972', 'IR971865844021895682551947', 0, '2021-07-22 09:00:31', '$2y$10$92IXUNpkjO0rOQ5byMi.Ye4oKoEa3Ro9llC/.og/at2.uheWG/igi', 'Ab7Db1TkkH', '2021-07-22 09:00:32', '2021-07-22 09:00:32'),
(22, 'مهسان', 'میرزاده', '09665851712', 'behnaz42@example.org', 0, '5200134332', 'IR174175458952037039906228', 0, '2021-07-22 09:00:31', '$2y$10$92IXUNpkjO0rOQ5byMi.Ye4oKoEa3Ro9llC/.og/at2.uheWG/igi', 'ManWwD7JZH', '2021-07-22 09:00:32', '2021-07-22 09:00:32'),
(23, 'نصرت', 'دانایی‌فر', '09232194154', 'pejman.karim@example.net', 0, '4204962319', 'IR474995729120031348866361', 0, '2021-07-22 09:00:31', '$2y$10$92IXUNpkjO0rOQ5byMi.Ye4oKoEa3Ro9llC/.og/at2.uheWG/igi', 'rDOAsBQzJm', '2021-07-22 09:00:32', '2021-07-22 09:00:32'),
(24, 'فروز', 'توکل', '09805234052', 'ramadani.arian@example.org', 0, '3650730425', 'IR719501089227314363407436', 0, '2021-07-22 09:00:31', '$2y$10$92IXUNpkjO0rOQ5byMi.Ye4oKoEa3Ro9llC/.og/at2.uheWG/igi', 'umqdmNlUN2', '2021-07-22 09:00:32', '2021-07-22 09:00:32'),
(25, 'مانک', 'مصباح‌زاده', '09262711619', 'bfarahani@example.net', 0, '1811630550', 'IR583659892277526407603659', 1, '2021-07-22 09:00:31', '$2y$10$92IXUNpkjO0rOQ5byMi.Ye4oKoEa3Ro9llC/.og/at2.uheWG/igi', '1yyEEf8tQB', '2021-07-22 09:00:32', '2021-07-22 09:00:32'),
(26, 'آذرتش', 'امین‌زاده', '09948103906', 'eabbasi@example.net', 0, '7184345909', 'IR756621420203958413011345', 0, '2021-07-22 09:00:31', '$2y$10$92IXUNpkjO0rOQ5byMi.Ye4oKoEa3Ro9llC/.og/at2.uheWG/igi', 'KwX6YbBkei', '2021-07-22 09:00:32', '2021-07-22 09:00:32'),
(27, 'دانه', 'هاشمی', '09606621748', 'fereshteh.mirzaei@example.org', 0, '8468552464', 'IR872096544396283976587232', 0, '2021-07-22 09:00:31', '$2y$10$92IXUNpkjO0rOQ5byMi.Ye4oKoEa3Ro9llC/.og/at2.uheWG/igi', 'Grb7hO0t3f', '2021-07-22 09:00:32', '2021-07-22 09:00:32'),
(28, 'پریساتیس', 'موحد', '09715552130', 'yousef.khadem@example.net', 0, '3131702915', 'IR918769681833443202045275', 1, '2021-07-22 09:00:31', '$2y$10$92IXUNpkjO0rOQ5byMi.Ye4oKoEa3Ro9llC/.og/at2.uheWG/igi', 'Vvk7sE0J2K', '2021-07-22 09:00:32', '2021-07-22 09:00:32'),
(29, 'فروَد', 'ثابتی', '09484014136', 'ftalebi@example.com', 0, '2241571809', 'IR768667853823248195114542', 1, '2021-07-22 09:00:31', '$2y$10$92IXUNpkjO0rOQ5byMi.Ye4oKoEa3Ro9llC/.og/at2.uheWG/igi', 'pqLmZO1jJR', '2021-07-22 09:00:32', '2021-07-22 09:00:32'),
(30, 'کیان دخت', 'حبیبی', '09796554291', 'garshasp87@example.org', 0, '2613971986', 'IR150161049357284728069578', 0, '2021-07-22 09:00:31', '$2y$10$92IXUNpkjO0rOQ5byMi.Ye4oKoEa3Ro9llC/.og/at2.uheWG/igi', 'WLEotSpOd3', '2021-07-22 09:00:32', '2021-07-22 09:00:32'),
(31, 'فریفته', 'بخاری', '09740825321', 'qebrahimi@example.net', 0, '3290645668', 'IR115427804933748090256825', 1, '2021-07-22 09:00:31', '$2y$10$92IXUNpkjO0rOQ5byMi.Ye4oKoEa3Ro9llC/.og/at2.uheWG/igi', 'eeI3zunBzh', '2021-07-22 09:00:32', '2021-07-22 09:00:32'),
(32, 'فاخره', 'اشراقی', '09796586201', 'shijazi@example.com', 0, '7038873036', 'IR895023249189151466438037', 0, '2021-07-22 09:00:31', '$2y$10$92IXUNpkjO0rOQ5byMi.Ye4oKoEa3Ro9llC/.og/at2.uheWG/igi', 'MI4zZyAeMU', '2021-07-22 09:00:32', '2021-07-22 09:00:32'),
(33, 'پروسکا', 'روحانی', '09830159088', 'davoud.mahmoudi@example.org', 0, '9930718222', 'IR495613450856163747202597', 1, '2021-07-22 09:00:31', '$2y$10$92IXUNpkjO0rOQ5byMi.Ye4oKoEa3Ro9llC/.og/at2.uheWG/igi', 'vRH5EdgIFW', '2021-07-22 09:00:32', '2021-07-22 09:00:32'),
(34, 'آذرنگ', 'پیرحیاتی', '09948178342', 'lnariman@example.org', 0, '0277592671', 'IR453691264357880049640127', 0, '2021-07-22 09:00:31', '$2y$10$92IXUNpkjO0rOQ5byMi.Ye4oKoEa3Ro9llC/.og/at2.uheWG/igi', '3NG3qr2qDP', '2021-07-22 09:00:32', '2021-07-22 09:00:32'),
(35, 'مهدخت', 'زالی', '09913218769', 'amir33@example.com', 0, '3398556039', 'IR203511884856427325070991', 1, '2021-07-22 09:00:31', '$2y$10$92IXUNpkjO0rOQ5byMi.Ye4oKoEa3Ro9llC/.og/at2.uheWG/igi', 'BGuC9PmQtk', '2021-07-22 09:00:32', '2021-07-22 09:00:32'),
(36, 'فرتاش', 'بحرینی', '09707234855', 'tabatabaei.hanie@example.org', 0, '4718534272', 'IR369891717701440372532146', 1, '2021-07-22 09:00:31', '$2y$10$92IXUNpkjO0rOQ5byMi.Ye4oKoEa3Ro9llC/.og/at2.uheWG/igi', 'bCZ46ZlNK0', '2021-07-22 09:00:32', '2021-07-22 09:00:32'),
(37, 'مینا', 'کاملی', '09667561950', 'esmaeel57@example.com', 0, '9709368814', 'IR588012653943807441912089', 1, '2021-07-22 09:00:31', '$2y$10$92IXUNpkjO0rOQ5byMi.Ye4oKoEa3Ro9llC/.og/at2.uheWG/igi', '1mvRoilpsU', '2021-07-22 09:00:32', '2021-07-22 09:00:32'),
(38, 'پیمان', 'علی‌زمانی', '09405718685', 'soraya04@example.net', 0, '7452710176', 'IR449105668310524179065217', 0, '2021-07-22 09:00:31', '$2y$10$92IXUNpkjO0rOQ5byMi.Ye4oKoEa3Ro9llC/.og/at2.uheWG/igi', 'QRVbyIGkVd', '2021-07-22 09:00:32', '2021-07-22 09:00:32'),
(39, 'فرورتیش', 'صدیق', '09239821566', 'baraghani.garshasp@example.com', 0, '6019076642', 'IR418334324762565065609024', 0, '2021-07-22 09:00:31', '$2y$10$92IXUNpkjO0rOQ5byMi.Ye4oKoEa3Ro9llC/.og/at2.uheWG/igi', 'LI9P4LYGXb', '2021-07-22 09:00:32', '2021-07-22 09:00:32'),
(40, 'خینا', 'ضابطی', '09819458354', 'soraya.pahlavi@example.com', 0, '4840329872', 'IR990601693682378301321417', 1, '2021-07-22 09:00:31', '$2y$10$92IXUNpkjO0rOQ5byMi.Ye4oKoEa3Ro9llC/.og/at2.uheWG/igi', 'KFO3MG8XoJ', '2021-07-22 09:00:32', '2021-07-22 09:00:32'),
(41, 'آویزه', 'علی‌آبادی', '09121953437', 'musa.yousefi@example.net', 0, '4648671923', 'IR971931205583824065624811', 1, '2021-07-22 09:00:31', '$2y$10$92IXUNpkjO0rOQ5byMi.Ye4oKoEa3Ro9llC/.og/at2.uheWG/igi', 'PVRfvtznbm', '2021-07-22 09:00:32', '2021-07-22 09:00:32'),
(42, 'فرهاد', 'کرمانی', '09361734301', 'snaceri@example.org', 0, '1322745939', 'IR536508479126635390778098', 0, '2021-07-22 09:00:31', '$2y$10$92IXUNpkjO0rOQ5byMi.Ye4oKoEa3Ro9llC/.og/at2.uheWG/igi', '0PSf73badj', '2021-07-22 09:00:32', '2021-07-22 09:00:32'),
(43, 'آرمیتا', 'فولادوند', '09168106910', 'zeynab.namazi@example.net', 0, '9488630602', 'IR135732136855062706453941', 0, '2021-07-22 09:00:31', '$2y$10$92IXUNpkjO0rOQ5byMi.Ye4oKoEa3Ro9llC/.og/at2.uheWG/igi', 'l6K9l4Lmkb', '2021-07-22 09:00:32', '2021-07-22 09:00:32'),
(44, 'هوتن', 'نوبخت', '09921803128', 'xbaraghani@example.org', 0, '1587246566', 'IR719049968826756536032343', 1, '2021-07-22 09:00:31', '$2y$10$92IXUNpkjO0rOQ5byMi.Ye4oKoEa3Ro9llC/.og/at2.uheWG/igi', 'G4QqC3VQeV', '2021-07-22 09:00:32', '2021-07-22 09:00:32'),
(45, 'ثمن', 'موسوی', '09358800656', 'akbari.ardeshir@example.org', 0, '6044037259', 'IR893979517100723851106526', 1, '2021-07-22 09:00:31', '$2y$10$92IXUNpkjO0rOQ5byMi.Ye4oKoEa3Ro9llC/.og/at2.uheWG/igi', 'RnEJGxEKDA', '2021-07-22 09:00:33', '2021-07-22 09:00:33'),
(46, 'رشین', 'مقدم', '09173618577', 'dalir32@example.org', 0, '6995164248', 'IR830156992780632345216574', 1, '2021-07-22 09:00:31', '$2y$10$92IXUNpkjO0rOQ5byMi.Ye4oKoEa3Ro9llC/.og/at2.uheWG/igi', 't9QnKBMTQT', '2021-07-22 09:00:33', '2021-07-22 09:00:33'),
(47, 'سرمند', 'توسلی', '09231073584', 'bmahdavi@example.net', 0, '2604608521', 'IR604234687968895673532410', 1, '2021-07-22 09:00:31', '$2y$10$92IXUNpkjO0rOQ5byMi.Ye4oKoEa3Ro9llC/.og/at2.uheWG/igi', '68J3T81oN9', '2021-07-22 09:00:33', '2021-07-22 09:00:33'),
(48, 'آمیتریس', 'قهستانی', '09148656789', 'omid.norouzi@example.com', 0, '4736345712', 'IR844054503322990636972470', 0, '2021-07-22 09:00:31', '$2y$10$92IXUNpkjO0rOQ5byMi.Ye4oKoEa3Ro9llC/.og/at2.uheWG/igi', 'JYMOzBTlku', '2021-07-22 09:00:33', '2021-07-22 09:00:33'),
(49, 'یزدگرد', 'شیرازی', '09170913200', 'esmaeel96@example.com', 0, '0014527345', 'IR516776078618593944084953', 0, '2021-07-22 09:00:31', '$2y$10$92IXUNpkjO0rOQ5byMi.Ye4oKoEa3Ro9llC/.og/at2.uheWG/igi', 'noQxM86SGv', '2021-07-22 09:00:33', '2021-07-22 09:00:33'),
(50, 'الدوز', 'عبدالملکی', '09012287345', 'anousheh89@example.net', 0, '0137536444', 'IR029851569784076210144954', 0, '2021-07-22 09:00:31', '$2y$10$92IXUNpkjO0rOQ5byMi.Ye4oKoEa3Ro9llC/.og/at2.uheWG/igi', 'hGpz0IntTM', '2021-07-22 09:00:33', '2021-07-22 09:00:33'),
(51, 'بهرام', 'خرم‌آبادی', '09975624677', 'sohrab.zandi@example.com', 0, '3014428058', 'IR409427947593021213032167', 1, '2021-07-22 09:00:31', '$2y$10$92IXUNpkjO0rOQ5byMi.Ye4oKoEa3Ro9llC/.og/at2.uheWG/igi', 'GkT1UdVI28', '2021-07-22 09:00:33', '2021-07-22 09:00:33'),
(52, 'الهه', 'میرزاده', '09271730948', 'ahadi.musa@example.net', 0, '2313879218', 'IR059474055386398527916241', 0, '2021-07-22 09:00:31', '$2y$10$92IXUNpkjO0rOQ5byMi.Ye4oKoEa3Ro9llC/.og/at2.uheWG/igi', 'ZxOyGnTUeV', '2021-07-22 09:00:33', '2021-07-22 09:00:33'),
(53, 'کاژیره', 'شاه‌حسینی', '09577364961', 'nafisi.garshasp@example.net', 0, '8750837594', 'IR235704652916924615500472', 1, '2021-07-22 09:00:31', '$2y$10$92IXUNpkjO0rOQ5byMi.Ye4oKoEa3Ro9llC/.og/at2.uheWG/igi', 'dRTjJiVXDu', '2021-07-22 09:00:33', '2021-07-22 09:00:33'),
(54, 'پری دخت', 'دری', '09255672603', 'esmaeel.chamran@example.net', 0, '2653137468', 'IR890746041901550639685687', 1, '2021-07-22 09:00:31', '$2y$10$92IXUNpkjO0rOQ5byMi.Ye4oKoEa3Ro9llC/.og/at2.uheWG/igi', 'C5LSEPRnu0', '2021-07-22 09:00:33', '2021-07-22 09:00:33'),
(55, 'شهرود', 'حقیقی', '09780015464', 'rashidi.abbas@example.org', 0, '2302491048', 'IR604883693967573479489587', 1, '2021-07-22 09:00:31', '$2y$10$92IXUNpkjO0rOQ5byMi.Ye4oKoEa3Ro9llC/.og/at2.uheWG/igi', '3SMbBQ2rWx', '2021-07-22 09:00:33', '2021-07-22 09:00:33'),
(56, 'یاور', 'سرشار', '09860406904', 'esmaeel.yazdi@example.com', 0, '7867261411', 'IR374706178395161996188930', 1, '2021-07-22 09:00:31', '$2y$10$92IXUNpkjO0rOQ5byMi.Ye4oKoEa3Ro9llC/.og/at2.uheWG/igi', 'GIhFa485kL', '2021-07-22 09:00:33', '2021-07-22 09:00:33'),
(57, 'شهروز', 'فارسی', '09422095311', 'kadivar.maryam@example.com', 0, '7003190042', 'IR320999207265685378677358', 0, '2021-07-22 09:00:31', '$2y$10$92IXUNpkjO0rOQ5byMi.Ye4oKoEa3Ro9llC/.og/at2.uheWG/igi', 'Es8JmOMyfb', '2021-07-22 09:00:33', '2021-07-22 09:00:33'),
(58, 'پرستان', 'پیران', '09494563788', 'fanaei.benyamin@example.org', 0, '8942830793', 'IR836542498277005572356140', 1, '2021-07-22 09:00:31', '$2y$10$92IXUNpkjO0rOQ5byMi.Ye4oKoEa3Ro9llC/.og/at2.uheWG/igi', '4SOrkqkeNb', '2021-07-22 09:00:33', '2021-07-22 09:00:33'),
(59, 'شریف', 'اشکوری', '09512353873', 'farsi.babak@example.com', 0, '4931585416', 'IR686610310176775402789852', 0, '2021-07-22 09:00:31', '$2y$10$92IXUNpkjO0rOQ5byMi.Ye4oKoEa3Ro9llC/.og/at2.uheWG/igi', 'RVizXyovFe', '2021-07-22 09:00:33', '2021-07-22 09:00:33'),
(60, 'هومین', 'مظفر', '09848345794', 'ebrahim.salehi@example.net', 0, '9785460927', 'IR356391604880505952772407', 0, '2021-07-22 09:00:31', '$2y$10$92IXUNpkjO0rOQ5byMi.Ye4oKoEa3Ro9llC/.og/at2.uheWG/igi', 'gi6gdQWYMF', '2021-07-22 09:00:33', '2021-07-22 09:00:33'),
(61, 'سلمان', 'زنجانی', '09535814946', 'afshin72@example.com', 0, '5606502397', 'IR946705078067012613919335', 0, '2021-07-22 09:00:31', '$2y$10$92IXUNpkjO0rOQ5byMi.Ye4oKoEa3Ro9llC/.og/at2.uheWG/igi', 'OhJwErKdXn', '2021-07-22 09:00:33', '2021-07-22 09:00:33');

--
-- Indexes for dumped tables
--

--
-- Indexes for table `action_events`
--
ALTER TABLE `action_events`
  ADD PRIMARY KEY (`id`),
  ADD KEY `action_events_actionable_type_actionable_id_index` (`actionable_type`,`actionable_id`),
  ADD KEY `action_events_batch_id_model_type_model_id_index` (`batch_id`,`model_type`,`model_id`),
  ADD KEY `action_events_user_id_index` (`user_id`);

--
-- Indexes for table `admins`
--
ALTER TABLE `admins`
  ADD PRIMARY KEY (`id`),
  ADD UNIQUE KEY `admins_mobile_unique` (`mobile`),
  ADD UNIQUE KEY `admins_email_unique` (`email`);

--
-- Indexes for table `artists`
--
ALTER TABLE `artists`
  ADD PRIMARY KEY (`id`),
  ADD UNIQUE KEY `artists_user_id_unique` (`user_id`);

--
-- Indexes for table `artist_package`
--
ALTER TABLE `artist_package`
  ADD PRIMARY KEY (`id`),
  ADD KEY `artist_package_artist_id_foreign` (`artist_id`),
  ADD KEY `artist_package_package_id_foreign` (`package_id`),
  ADD KEY `artist_package_title_id_foreign` (`title_id`);

--
-- Indexes for table `carts`
--
ALTER TABLE `carts`
  ADD PRIMARY KEY (`id`),
  ADD KEY `carts_user_id_foreign` (`user_id`);

--
-- Indexes for table `cities`
--
ALTER TABLE `cities`
  ADD PRIMARY KEY (`id`),
  ADD KEY `cities_province_id_foreign` (`province_id`),
  ADD KEY `cities_county_id_foreign` (`county_id`);

--
-- Indexes for table `contact_us`
--
ALTER TABLE `contact_us`
  ADD PRIMARY KEY (`id`),
  ADD UNIQUE KEY `contact_us_tracking_no_unique` (`tracking_no`);

--
-- Indexes for table `counties`
--
ALTER TABLE `counties`
  ADD PRIMARY KEY (`id`),
  ADD KEY `counties_province_id_foreign` (`province_id`);

--
-- Indexes for table `discounts`
--
ALTER TABLE `discounts`
  ADD PRIMARY KEY (`id`),
  ADD UNIQUE KEY `discounts_code_unique` (`code`);

--
-- Indexes for table `failed_jobs`
--
ALTER TABLE `failed_jobs`
  ADD PRIMARY KEY (`id`),
  ADD UNIQUE KEY `failed_jobs_uuid_unique` (`uuid`);

--
-- Indexes for table `file_banks`
--
ALTER TABLE `file_banks`
  ADD PRIMARY KEY (`id`);

--
-- Indexes for table `images`
--
ALTER TABLE `images`
  ADD PRIMARY KEY (`id`);

--
-- Indexes for table `item_cart`
--
ALTER TABLE `item_cart`
  ADD PRIMARY KEY (`id`),
  ADD KEY `item_cart_cart_id_foreign` (`cart_id`);

--
-- Indexes for table `jobs`
--
ALTER TABLE `jobs`
  ADD PRIMARY KEY (`id`),
  ADD KEY `jobs_queue_index` (`queue`);

--
-- Indexes for table `migrations`
--
ALTER TABLE `migrations`
  ADD PRIMARY KEY (`id`);

--
-- Indexes for table `oauth_access_tokens`
--
ALTER TABLE `oauth_access_tokens`
  ADD PRIMARY KEY (`id`),
  ADD KEY `oauth_access_tokens_user_id_index` (`user_id`);

--
-- Indexes for table `oauth_auth_codes`
--
ALTER TABLE `oauth_auth_codes`
  ADD PRIMARY KEY (`id`),
  ADD KEY `oauth_auth_codes_user_id_index` (`user_id`);

--
-- Indexes for table `oauth_clients`
--
ALTER TABLE `oauth_clients`
  ADD PRIMARY KEY (`id`),
  ADD KEY `oauth_clients_user_id_index` (`user_id`);

--
-- Indexes for table `oauth_personal_access_clients`
--
ALTER TABLE `oauth_personal_access_clients`
  ADD PRIMARY KEY (`id`);

--
-- Indexes for table `oauth_refresh_tokens`
--
ALTER TABLE `oauth_refresh_tokens`
  ADD PRIMARY KEY (`id`),
  ADD KEY `oauth_refresh_tokens_access_token_id_index` (`access_token_id`);

--
-- Indexes for table `packages`
--
ALTER TABLE `packages`
  ADD PRIMARY KEY (`id`),
  ADD UNIQUE KEY `packages_name_unique` (`name`),
  ADD KEY `packages_user_id_foreign` (`user_id`);

--
-- Indexes for table `password_resets`
--
ALTER TABLE `password_resets`
  ADD KEY `password_resets_email_index` (`email`);

--
-- Indexes for table `provinces`
--
ALTER TABLE `provinces`
  ADD PRIMARY KEY (`id`);

--
-- Indexes for table `singing_tests`
--
ALTER TABLE `singing_tests`
  ADD PRIMARY KEY (`id`),
  ADD KEY `singing_tests_user_id_foreign` (`user_id`);

--
-- Indexes for table `sms_verify`
--
ALTER TABLE `sms_verify`
  ADD PRIMARY KEY (`id`),
  ADD UNIQUE KEY `sms_verify_mobile_unique` (`mobile`);

--
-- Indexes for table `studios`
--
ALTER TABLE `studios`
  ADD PRIMARY KEY (`id`),
  ADD UNIQUE KEY `studios_name_unique` (`name`),
  ADD KEY `studios_user_id_foreign` (`user_id`),
  ADD KEY `studios_city_id_foreign` (`city_id`);

--
-- Indexes for table `titles`
--
ALTER TABLE `titles`
  ADD PRIMARY KEY (`id`),
  ADD UNIQUE KEY `titles_name_unique` (`name`);

--
-- Indexes for table `title_artist`
--
ALTER TABLE `title_artist`
  ADD PRIMARY KEY (`id`),
  ADD UNIQUE KEY `title_artist_artist_id_title_id_unique` (`artist_id`,`title_id`),
  ADD KEY `title_artist_title_id_foreign` (`title_id`);

--
-- Indexes for table `transactions`
--
ALTER TABLE `transactions`
  ADD PRIMARY KEY (`id`),
  ADD UNIQUE KEY `transactions_factor_number_unique` (`factor_number`),
  ADD KEY `transactions_cart_id_foreign` (`cart_id`),
  ADD KEY `transactions_discount_id_foreign` (`discount_id`);

--
-- Indexes for table `users`
--
ALTER TABLE `users`
  ADD PRIMARY KEY (`id`),
  ADD UNIQUE KEY `users_mobile_unique` (`mobile`),
  ADD UNIQUE KEY `users_email_unique` (`email`),
  ADD UNIQUE KEY `users_melli_code_unique` (`melli_code`),
  ADD UNIQUE KEY `users_iban_unique` (`iban`);

--
-- AUTO_INCREMENT for dumped tables
--

--
-- AUTO_INCREMENT for table `action_events`
--
ALTER TABLE `action_events`
  MODIFY `id` bigint(20) UNSIGNED NOT NULL AUTO_INCREMENT;

--
-- AUTO_INCREMENT for table `admins`
--
ALTER TABLE `admins`
  MODIFY `id` bigint(20) UNSIGNED NOT NULL AUTO_INCREMENT, AUTO_INCREMENT=2;

--
-- AUTO_INCREMENT for table `artists`
--
ALTER TABLE `artists`
  MODIFY `id` bigint(20) UNSIGNED NOT NULL AUTO_INCREMENT, AUTO_INCREMENT=41;

--
-- AUTO_INCREMENT for table `artist_package`
--
ALTER TABLE `artist_package`
  MODIFY `id` bigint(20) UNSIGNED NOT NULL AUTO_INCREMENT, AUTO_INCREMENT=41;

--
-- AUTO_INCREMENT for table `carts`
--
ALTER TABLE `carts`
  MODIFY `id` bigint(20) UNSIGNED NOT NULL AUTO_INCREMENT, AUTO_INCREMENT=2;

--
-- AUTO_INCREMENT for table `cities`
--
ALTER TABLE `cities`
  MODIFY `id` smallint(5) UNSIGNED NOT NULL AUTO_INCREMENT, AUTO_INCREMENT=1247;

--
-- AUTO_INCREMENT for table `contact_us`
--
ALTER TABLE `contact_us`
  MODIFY `id` bigint(20) UNSIGNED NOT NULL AUTO_INCREMENT;

--
-- AUTO_INCREMENT for table `counties`
--
ALTER TABLE `counties`
  MODIFY `id` smallint(5) UNSIGNED NOT NULL AUTO_INCREMENT, AUTO_INCREMENT=430;

--
-- AUTO_INCREMENT for table `discounts`
--
ALTER TABLE `discounts`
  MODIFY `id` bigint(20) UNSIGNED NOT NULL AUTO_INCREMENT, AUTO_INCREMENT=26;

--
-- AUTO_INCREMENT for table `failed_jobs`
--
ALTER TABLE `failed_jobs`
  MODIFY `id` bigint(20) UNSIGNED NOT NULL AUTO_INCREMENT;

--
-- AUTO_INCREMENT for table `file_banks`
--
ALTER TABLE `file_banks`
  MODIFY `id` bigint(20) UNSIGNED NOT NULL AUTO_INCREMENT, AUTO_INCREMENT=221;

--
-- AUTO_INCREMENT for table `images`
--
ALTER TABLE `images`
  MODIFY `id` bigint(20) UNSIGNED NOT NULL AUTO_INCREMENT, AUTO_INCREMENT=51;

--
-- AUTO_INCREMENT for table `item_cart`
--
ALTER TABLE `item_cart`
  MODIFY `id` bigint(20) UNSIGNED NOT NULL AUTO_INCREMENT;

--
-- AUTO_INCREMENT for table `jobs`
--
ALTER TABLE `jobs`
  MODIFY `id` bigint(20) UNSIGNED NOT NULL AUTO_INCREMENT;

--
-- AUTO_INCREMENT for table `migrations`
--
ALTER TABLE `migrations`
  MODIFY `id` int(10) UNSIGNED NOT NULL AUTO_INCREMENT, AUTO_INCREMENT=31;

--
-- AUTO_INCREMENT for table `oauth_clients`
--
ALTER TABLE `oauth_clients`
  MODIFY `id` bigint(20) UNSIGNED NOT NULL AUTO_INCREMENT, AUTO_INCREMENT=3;

--
-- AUTO_INCREMENT for table `oauth_personal_access_clients`
--
ALTER TABLE `oauth_personal_access_clients`
  MODIFY `id` bigint(20) UNSIGNED NOT NULL AUTO_INCREMENT, AUTO_INCREMENT=2;

--
-- AUTO_INCREMENT for table `packages`
--
ALTER TABLE `packages`
  MODIFY `id` bigint(20) UNSIGNED NOT NULL AUTO_INCREMENT, AUTO_INCREMENT=21;

--
-- AUTO_INCREMENT for table `provinces`
--
ALTER TABLE `provinces`
  MODIFY `id` smallint(5) UNSIGNED NOT NULL AUTO_INCREMENT, AUTO_INCREMENT=32;

--
-- AUTO_INCREMENT for table `singing_tests`
--
ALTER TABLE `singing_tests`
  MODIFY `id` bigint(20) UNSIGNED NOT NULL AUTO_INCREMENT;

--
-- AUTO_INCREMENT for table `sms_verify`
--
ALTER TABLE `sms_verify`
  MODIFY `id` bigint(20) UNSIGNED NOT NULL AUTO_INCREMENT;

--
-- AUTO_INCREMENT for table `studios`
--
ALTER TABLE `studios`
  MODIFY `id` bigint(20) UNSIGNED NOT NULL AUTO_INCREMENT, AUTO_INCREMENT=51;

--
-- AUTO_INCREMENT for table `titles`
--
ALTER TABLE `titles`
  MODIFY `id` bigint(20) UNSIGNED NOT NULL AUTO_INCREMENT, AUTO_INCREMENT=21;

--
-- AUTO_INCREMENT for table `title_artist`
--
ALTER TABLE `title_artist`
  MODIFY `id` bigint(20) UNSIGNED NOT NULL AUTO_INCREMENT, AUTO_INCREMENT=56;

--
-- AUTO_INCREMENT for table `transactions`
--
ALTER TABLE `transactions`
  MODIFY `id` bigint(20) UNSIGNED NOT NULL AUTO_INCREMENT;

--
-- AUTO_INCREMENT for table `users`
--
ALTER TABLE `users`
  MODIFY `id` bigint(20) UNSIGNED NOT NULL AUTO_INCREMENT, AUTO_INCREMENT=62;

--
-- Constraints for dumped tables
--

--
-- Constraints for table `artists`
--
ALTER TABLE `artists`
  ADD CONSTRAINT `artists_user_id_foreign` FOREIGN KEY (`user_id`) REFERENCES `users` (`id`) ON UPDATE CASCADE;

--
-- Constraints for table `artist_package`
--
ALTER TABLE `artist_package`
  ADD CONSTRAINT `artist_package_artist_id_foreign` FOREIGN KEY (`artist_id`) REFERENCES `artists` (`id`) ON UPDATE CASCADE,
  ADD CONSTRAINT `artist_package_package_id_foreign` FOREIGN KEY (`package_id`) REFERENCES `packages` (`id`) ON UPDATE CASCADE,
  ADD CONSTRAINT `artist_package_title_id_foreign` FOREIGN KEY (`title_id`) REFERENCES `titles` (`id`) ON UPDATE CASCADE;

--
-- Constraints for table `carts`
--
ALTER TABLE `carts`
  ADD CONSTRAINT `carts_user_id_foreign` FOREIGN KEY (`user_id`) REFERENCES `users` (`id`) ON UPDATE CASCADE;

--
-- Constraints for table `cities`
--
ALTER TABLE `cities`
  ADD CONSTRAINT `cities_county_id_foreign` FOREIGN KEY (`county_id`) REFERENCES `counties` (`id`) ON UPDATE CASCADE,
  ADD CONSTRAINT `cities_province_id_foreign` FOREIGN KEY (`province_id`) REFERENCES `provinces` (`id`) ON UPDATE CASCADE;

--
-- Constraints for table `counties`
--
ALTER TABLE `counties`
  ADD CONSTRAINT `counties_province_id_foreign` FOREIGN KEY (`province_id`) REFERENCES `provinces` (`id`) ON UPDATE CASCADE;

--
-- Constraints for table `item_cart`
--
ALTER TABLE `item_cart`
  ADD CONSTRAINT `item_cart_cart_id_foreign` FOREIGN KEY (`cart_id`) REFERENCES `carts` (`id`) ON UPDATE CASCADE;

--
-- Constraints for table `packages`
--
ALTER TABLE `packages`
  ADD CONSTRAINT `packages_user_id_foreign` FOREIGN KEY (`user_id`) REFERENCES `users` (`id`) ON UPDATE CASCADE;

--
-- Constraints for table `singing_tests`
--
ALTER TABLE `singing_tests`
  ADD CONSTRAINT `singing_tests_user_id_foreign` FOREIGN KEY (`user_id`) REFERENCES `users` (`id`) ON DELETE CASCADE ON UPDATE CASCADE;

--
-- Constraints for table `studios`
--
ALTER TABLE `studios`
  ADD CONSTRAINT `studios_city_id_foreign` FOREIGN KEY (`city_id`) REFERENCES `cities` (`id`) ON UPDATE CASCADE,
  ADD CONSTRAINT `studios_user_id_foreign` FOREIGN KEY (`user_id`) REFERENCES `users` (`id`) ON UPDATE CASCADE;

--
-- Constraints for table `title_artist`
--
ALTER TABLE `title_artist`
  ADD CONSTRAINT `title_artist_artist_id_foreign` FOREIGN KEY (`artist_id`) REFERENCES `artists` (`id`) ON DELETE CASCADE ON UPDATE CASCADE,
  ADD CONSTRAINT `title_artist_title_id_foreign` FOREIGN KEY (`title_id`) REFERENCES `titles` (`id`) ON DELETE CASCADE ON UPDATE CASCADE;

--
-- Constraints for table `transactions`
--
ALTER TABLE `transactions`
  ADD CONSTRAINT `transactions_cart_id_foreign` FOREIGN KEY (`cart_id`) REFERENCES `carts` (`id`) ON UPDATE CASCADE,
  ADD CONSTRAINT `transactions_discount_id_foreign` FOREIGN KEY (`discount_id`) REFERENCES `discounts` (`id`) ON UPDATE CASCADE;
COMMIT;

/*!40101 SET CHARACTER_SET_CLIENT=@OLD_CHARACTER_SET_CLIENT */;
/*!40101 SET CHARACTER_SET_RESULTS=@OLD_CHARACTER_SET_RESULTS */;
/*!40101 SET COLLATION_CONNECTION=@OLD_COLLATION_CONNECTION */;
